filename,Organism,Strain,Age,Sex,OrganismPart,MaterialType,Specimen,AncestryCategory,DevelopmentalStage,Genotype,GeneticModification,Treatment,Instrument,AcquisitionMethod,IonizationType,FragmentationMethod,MS2MassAnalyzer,CollisionEnergy,PrecursorMassTolerance,FragmentMassTolerance,Label,CleavageAgent,AlkylationReagent,ReductionReagent,Depletion,Modification,SpikedCompound,SyntheticPeptide,Staining,Separation,FractionationMethod,FractionIdentifier,NumberOfFractions,EnrichmentMethod,Bait,FlowRateChromatogram,GradientTime,NumberOfMissedCleavages,NumberOfTechnicalReplicates,NumberOfBiologicalReplicates,NumberOfSamples,BiologicalReplicate,PooledSample,Disease,DiseaseTreatment,CellLine,CellType,CellPart,GrowthRate,SamplingTime,BMI,AnatomicSiteTumor,OriginSiteDisease,TumorCellularity,TumorGrade,TumorStage,TumorSize,TumorSite,FactorValue,Time,Temperature,Compound
MSV000078777.txt,human,,,,,"cells, cell line",,,,,,"hydrogen peroxide, epidermal growth factor, 500 μM H 2 O 2, 100 ng/mL EGF, vehicle",Q Exactive hybrid quadrupole-Orbitrap mass spectrometer (Thermo Fisher Scientific),data-dependent mode,electrospray,HCD,,normalized collision energy of 28,0.01 Da,0.1 Da,"DYn-2, DYn-2- d 6",trypsin,iodoacetamide,"dithiothreitol, DTT",,"S-sulfenylation, S-sulfenylcysteine tagged with DYn-2-triazohexanoic acid group, DTH, carbamidomethyl, heavy DTH modification on cysteine, DTH- d 6",,,,"Easy-nLC1000 system, 360 μm outer diameter × 75 μm inner diameter microcapillary precolumn packed with Jupiter C18 (5 μm, 300 Å, Phenomenex), 360 μm outer diameter × 50 μm inner diameter microcapillary analytical column packed with the ReproSil-Pur C18-AQ (3 μm, 120 Å, Dr. Maisch)",,,,streptavidin sepharose,,300 nL/min,"0–15 min, 2% B; 35 min, 15% B; 40 min, 20% B; 50 min, 30% B; 55 min, 35% B; 59–65 min, 90% B; 80–85 min, 2% B, 0–10 min, 5% B; 100 min, 35% B; 120–130 min, 90% B; 140–150 min, 5% B",three,two,3,,,,,"500 μM H 2 O 2, 100 ng/mL EGF","RKO, A431",,nucleus,,"5 min, 10 min",,,,,,,,,"500 μM H 2 O 2, 100 ng/mL EGF, 5 min, 10 min","5 min, 10 min",37 °C,"H 2 O 2 500 μM, EGF 100 ng/mL"
MSV000078831.txt,Homo sapiens,,,,,"cells, cell line",,,,,overexpressing TrkB receptor,BDNF,Q Exactive mass spectrometer (Thermo Fisher Scientific),data-dependent mode,,higher-energy collisional dissociation,,normalized collision energies of 27,7 ppm,20 ppm,"BONCAT, SILAC, BONLAC, 13 C 6 - 15 N 2 -lysine, 13 C 6 - 15 N 4 -arginine, D 4 -lysine, 13 C 6 -arginine",trypsin,iodoacetamide,DTT,,"Carbamidomethylation of cysteine, oxidation of methionine, protein N-terminal acetylation, AHA, l -2,4-diaminobutanoate",,,,"Thermo Scientific EASY-nLC 1000, self-packed 75 μm × 25 cm reversed-phase column (Reprosil C18, 3 μm, Dr. Maisch GmbH, Germany)","hydrophilic interaction liquid chromatography, HILIC",,Twelve fractions,"alkyne resin-based isolation of l -azidohomoalanine (AHA)-labeled proteins, Click-iT Protein Enrichment Kit, BONCAT",,"0.05 mL/min, 250 nL/min","5 min, 40 min, 5 min, 120 min",two,twice,2,,,pooled,,"BDNF stimulation, BDNF treatment",HEK-293 cells overexpressing TrkB receptor (HEK-TrkB),,,,2 h after BDNF stimulation,,,,,,,,,"BDNF, 2 h",2 h,,BDNF 25 ng/mL
MSV000078911.txt,human,,,,,"cells, cell line",,,,,,,"Q-Exactive Plus (Thermo Fisher Scientific), Q Exactive mass spectrometer (Thermo Scientific, Bremen, Germany)","parallel reaction monitoring, PRM",,higher energy collision-induced dissociation,Orbitrap,normalized collision energy of 30.0,10 ppm,20 ppm,"SILAC, label-free","trypsin, Lys-C endoproteinase",iodoacetamide,dithiotreitol,,"S-carbamidomethylation of cysteine residues, protein N-terminal acetylation, N-terminal glutamine conversion to pyroglutamate, methionine oxidation, 13C6-labeled lysine",,,,"NanoAcquity ultraperformance liquid chromatography system, EASY-Spray PepMap C18 75 μm × 150 mm column, SPE-LC (modified EASY-nLC 1000, Thermo, Odense, Denmark), 6 cm columns with pulled emitter and ReproSil-Pur 120 C18-AQ 3 μm material",,,,Membrane proteins were enriched,,400 nl/min,"240-min gradient, 20 to 215 min, 5 mins, 5 min",two,,2,,"Biological Repeat 1, Biological Repeat 2",,"brain metastatic breast cancer, breast cancer",,"231-BR, MDA-MB-231",,"membrane proteins, soluble proteins",,,,,,,,,,,"231-BR, MDA-MB-231",,37 °C,
MSV000078985.txt,human,,,,"amyloid tissue, breast tissue, breast cancer FFPE sample, malignant medulloblastoma",tissue,FFPE,,,"Group 3, Group 4",,,"SCIEX TripleTOF 5600+, SCIEX TripleTOF 6600, Thermo Q-Exactive",LC-MS/MS,,HCD,,,"10 ppm, 20 ppm, 50 ppm","10 ppm, 20 ppm, 20 ppm/40 ppm",,trypsin,carbamidomethylation,,,"mono- and di-methylation (nTerm and Lys), single and double oxidation (Met and Pro), variable carbamidomethylation (nTerm and Cys), oxidation",,,,LC-MS/MS,,,,,,,,,"two technical replicates, five technical replicates","5, 12, 10","Twenty experiments, twelve experiments, five HCD experiments, ten experiments","36, 38, 39, 40, 41",,"amyloid, breast cancer, malignant medulloblastoma",,,,,,,,breast,,,,,,breast,"amyloid tissue, control tissue, one-slide-at-a-time pressure-based paraffin removal, all-at-once paraffin removal, freshly frozen samples, Group 3, Group 4",,,
MSV000079014.txt,Homo sapiens,,,,,cell line,,,,,,"lenalidomide, DMSO","Q Exactive mass spectrometer (Thermo Fisher Scientific), Orbitrap Fusion mass spectrometer (Thermo Fisher Scientific)","data-dependent mode, LC-MS3 data collection strategy",electrospray,"HCD, CID",ion trap,"25, NCE 35, NCE 55","20 ppm, 6 ppm, 50 ppm",1.0 Da,"SILAC, tandem mass tag (TMT)","trypsin, LysC","chloroacetamide, iodoacetamide",dithiothreitol,RPMI depleted of L-arginine and L-lysine,"K-ε-GG, Oxidized methionine, N-terminal protein acetylation, carbamidomethylation of cysteine, Gly-Gly addition to lysine",,,,"Proxeon Easy-nLC 1000 system, microcapillary column (360 μm OD × 75 μm ID) packed with 24 cm of ReproSil-Pul C18-AQ 1.9 μm beads, Proxeon Easy nLC 1000, 100 μm inner diameter fused-silica micro capillary, C 18 reverse phase resin (GP118 resin 1.8 μm, 120 Å, Sepax Technologies)","basic pH reversed phase (bRP) fractionation, basic reverse phase step","final fraction 1, final fraction 2, fraction “A”","96 2 ml fractions, 8 final fractions, 24 final fractions, 24 fractions, 12 of the 24 peptide fraction","K-ε-GG enrichment, anti-K-ε-GG antibody, immunoaffinity purification",,"3 ml/min, 1 ml/min, 600 nL/min","64-min method, 120 min linear gradient",2,,2,,"Replicate 1, Replicate 2",pooled,myelodysplastic syndrome (MDS) with deletion of chromosome 5q (del(5q)),,"KG-1, MDS-L",,,~6 cell doublings,"4 hours for ubiquitination profiling, 24 hours for protein level assessment",,,,,,,,,"1 μM lenalidomide, 10 μM lenalidomide, DMSO, 4 hours, 24 hours","4 hours, 24 hours",37°C,"lenalidomide 1 μM, lenalidomide 10 μM, DMSO"
MSV000079097.txt,Homo sapiens,,,,,"cells, cell line",,,,,,"MG-132, PR-619, dimethyl sulfoxide",Q Exactive mass spectrometer (Thermo Fisher Scientific),data-dependent mode,electrospray,HCD,,HCD-normalized collision energy was set to 25,"20 ppm, 6 ppm",,SILAC,trypsin,iodoacetamide,"dithiothreitol, DTT",,"Oxidized methionines, Gly-Gly addition to lysines, N-terminal protein acetylation, Carbamidomethylation of cysteines",,,,"nanoflow-UPLC-HCD-MS/MS, Proxeon Easy-nLC 1000, microcapillary column (360 μm outer diameter × 75 μm inner diameter), ReproSil-Pur C18-AQ 1.9 μm beads","Off-line basic RP fractionation, basic RP LC method",,"80 basic RP fractions, eight total fractions","anti-K-ε-GG antibody, K-ε-GG enrichment",,"3 ml/min, 200 nl/min","64-min, 150 min",2,,,,,pooled,,"2 μm MG-132, 5 μm MG132, 5 μm PR-619, 0.5% dimethyl sulfoxide (DMSO)",Jurkat E6-1 cells (ATCC),,,∼6 doublings,"4 h with 2 μm MG-132, 4 h with either 5 μm MG132, 5 μm PR-619, or 0.5% dimethyl sulfoxide (DMSO)",,,,,,,,,"2 μm MG-132, 5 μm MG132, 5 μm PR-619, 0.5% dimethyl sulfoxide (DMSO)",4 h,,"MG-132 2 μm, MG132 5 μm, PR-619 5 μm, dimethyl sulfoxide (DMSO) 0.5%"
MSV000079399.txt,Homo sapiens,,,,,"cells, cell line",,,,,"tandem HA-FLAG tag ASK1, HA-V5 tag ASK2, HA-Myc tag ASK3","ethanol, 10 μm HNE, 50 μm HNE",ThermoFisher Scientific Q Exactive Plus,"affinity purification-mass spectrometry, AP-MS, data-dependent shotgun liquid chromatography-tandem mass spectrometry, parallel reaction monitoring, PRM",Nanoflex source,,,normalized collision energy of 27,10 ppm,20 ppm,"labeled reference peptide (LRP), stable isotope dilution (SID)",trypsin gold,iodoacetamide,"DTT, dithiothreitol (DTT)",,"carbimidomethyl modification on Cys, oxidation on Met, pyro-glu on Gln","labeled reference peptide (LRP), heavy isotope labeled analog of each target peptide",synthetic peptide standards,Simply Blue safe stain,"Proxeon nLC1000 LC, 11 cm long column with a 75 μm internal diameter (New Objective, Woburn, MA, PF360–75-10-N-5) packed with 3 μm particle size and 120 Å pore size ReproSil-Pur C18-AQ resin","Size exclusion chromatography (SEC), 10% Bis-Tris gel",1–9,9,"affinity purification-mass spectrometry (AP-MS), co-immunoprecipitation (co-IP), immunopurified","ASK1, ASK2, ASK3",300 nL/min,"100 min gradient, 2–5% acetonitrile over 5 min, 5 to 35% acetonitrile over 80 min, 35–90% acetonitrile over 5 min, 10 min at 90% acetonitrile, 70 min gradient, 2–5% acetonitrile over 5 min, 5 to 35% acetonitrile over 50 min, 35–90% acetonitrile over 5 min, 10 min at 90% acetonitrile",four,two,"3, 4, 5, 2",,,pooled,,"ethanol (vehicle control, 0.08% v/v), 10 μm HNE, 50 μm HNE","HEK-293 cells (CRL-1573, ATCC)",,,,1 h at 37 °C,,,,,,,,,"ethanol (vehicle control, 0.08% v/v), 10 μm HNE, 50 μm HNE",1 h,37 °C,"ethanol (vehicle control, 0.08% v/v), HNE 10 μm, HNE 50 μm"
MSV000079514.txt,human,,,,"organs, tissues","tissue, cells",,,fetal,,,,"LTQ-Orbitrap Velos, LTQ-Orbitrap Elite",Data-dependent acquisition,,"higher-energy collision dissociation, HCD",,35% normalized collision energy,10 ppm,0.05 Da,,trypsin,IAA,DTT,,"Carbamidomethylation of cysteine, oxidation of methionine, acetylation of protein N-termini, cyclization of N-terminal glutamine",,,,"Easy-nLC II nanoflow liquid chromatography system, trap column (75 μm × 2 cm) packed in-house with Magic C 18 AQ, analytical column (75 μm × 10 cm)","SDS-PAGE, bRPLC",,"Ninety-six fractions, 24 fractions",,,"5 μL/min, 350 nL/min","50 min, 60 min",two,,,30,,pooled,,,,hematopoietic cells,,,,,,,,,,,,histologically normal tissues and cells,,,
MSV000079525.txt,Homo sapiens,,,,,cell line,,,,,"C-terminal Flag tagged wild type, mutant EGFR","EGF, anisomycin","Q-Exactive LC-MS/MS (Thermo Fisher, San Jose, CA), TSQ Vantage, Thermo Fisher, San Jose, CA, Q Exactive mass spectrometer","LC-MS/MS, SRM-MS, data-dependent mode",nano-ESI source,,,"CE = 0.03*m/z + 2.905, CE = 0.038*m/z + 2.281",6 ppm,20 ppm,LFQ,trypsin,carbamidomethylation,,,"N-terminal acetylation, methionine oxidation, phospho-serine, phospho-threonine, phospho-tyrosine, Gly-Gly addition to lysine",,IPLENLQIIR,,"50-cm Easy-Spray column with a 75-μm inner diameter packed with 2 μm C18 resin, EASY nLC 1000 chromatography system",,,,"immunoprecipitation, IP, immobilized anti-flag M2 beads","EGFR, wild type, mutant EGFR",250 nl/min,120 min,Two,,3,,,,,,HEK293 T-REx,,,,"1 h at 4 °C, 15 min",,,,,,,,,"EGF, anisomycin, 4 °C, 37 °C",,"4 °C, 37 °C","EGF 10 ng/ml, anisomycin 10 μm"
MSV000079526.txt,human,,,,,cells,,,,,,,,"HCD acquisition, affinity purification (AP), AP-MS",,HCD,,,10 ppm,0.1 Da,SILAC,,,,,"oxidation on methionine (M+15.995), N-term acetylation (+42.011), N-term Carbamylation (+43.006), Pyro-glu on glutamine (−17.027Q), deamidation on aspargine (N+0.984), deamidation on glutamine (Q+0.984), Carbamidomethylation, SILAC variable modifications of +8.0142 on Lysine and +10.0083 on Arginine",,synthetic peptide spectra from ProteomeTools,,LC/MS,,,,"affinity purification, AP, pulldown",,,,,,,"227, 365",,pooled,,,HEK293,,,,,,,,,,,,,,,,
MSV000079528.txt,"Homo sapiens, Saccharomyces cerevisiae",,,,,"cells, cell line",,,"mitotic, G2 and M phase",,"GST tag, 10x-His tag","Flavopiridol, RO-3306",Q-Exactive Plus hybrid quadrupole Orbitrap mass spectrometer (ThermoFisher Scientific),,nanospray source (ThermoFisher Scientific),HCD,,26 normalized collision energy (NCE),± 1 Da,0.02 Da,"heavy or light DMEM, 13C615N2-lysine, 13C615N4-arginine, 12C614N2-lysine, 12C614N4-arginine",trypsin,iodoacetamide,"dithiothreitol, DTT",,"carbamidomethylcysteine, oxidized methionine, heavy lysine, heavy arginine, phosphorylated serine, phosphorylated threonine, phosphorylated tyrosine",,,,"Easy-nLC 1000, trap column (1 cm length, 100 μm inner diameter, ReproSil, C18 AQ 5 μm 120 Å pore (Dr. Maisch, Ammerbuch, Germany)), fritless analytical resolving column (35 cm length, 100 μm inner diameter, ReproSil, C18 AQ 3 μm 120 Å pore)",Strong-cation exchange chromatography,,,"titanium dioxide microspheres, TiO2 microspheres",,,60 min gradient,three,,3,,,,,"Flavopiridol, RO-3306",HeLa cells,,,,30 min,,,,,,,,,"Flavopiridol, RO-3306","22 h, 3 h, 16 h, 30 min",37 °C,"thymidine 1 mm, taxol, MG132 10 μm, Flavopiridol 2 μm, RO-3306 5 μm"
MSV000079539.txt,human,,,,fibroblast,"cells, cell line",,,,,,imatinib,"Q Exactive mass spectrometer, Q Exactive instrument",data-dependent “top 10” method,"nanoelectrospray ion source, nano-electrospray source","higher energy collisional dissociation, HCD",,Normalized collision energy was 25%,6 ppm,20 ppm,,trypsin,"iodoacetamide, Carbamidomethylation of cysteine",,,"N-terminal acetylation, methionine oxidation",,,,"nanoflow HPLC (Proxeon Biosystems, Thermo Fisher Scientific, Bremen, Germany), 20 cm long, 75 μm inner diameter column with ReproSil-Pur C18-AQ 1.9 μm resin, 50 cm reversed phase column (75 μm inner diameter, packed in-house with ReproSil-Pur C18-AQ 1.9 μm resin (Dr. Maisch GmbH)), Proxeon Ultra EASY-nLC system (Thermo Fisher Scientific)","SAX fractions, SCX fractions",,"three SAX fractions, three SCX fractions","immunoaffinity purified HLA-I molecules, Sep-Pak tC18 (Waters, Milford, MA) cartridges, Silica C-18 column tips (Harvard Apparatus, Holliston, MA), C 18 based StageTip",HLA-I molecules,250 nl/min,"90 min, 120 or 240-min gradient",two,,"3, 4",seven,,,"cancer, human colon cancer",imatinib,"JY, SupB15WT, HCC1143, HCC1937, HB95, HCT116, SupB15RT",Primary fibroblast cells,,,,,,,,,,,,imatinib,,,imatinib 1 μ m
MSV000079550.txt,human,,adolescent,,"foreskin, peripheral blood mononuclear cells, nuclei","cells, tissue","biopsy, buffy coats",,,,,,QExactive mass spectrometer (Thermo Fisher Scientific),TOP10 data-dependent acquisition,,,,NCE = 25,4.5 ppm,20 ppm,"dimethyl labeling, label-free protein quantification, label-free quantification",trypsin/LysC mix,MMTS,TCEP,,"Methylthiol, carbamidomethylation, Acetylation of N-termini, oxidation of methionines","universal protein standard 2, UPS2",,,"30 cm column packed in-house with 1.8 μm Reprosil-Pur C18-AQ, Easy-nLC 1000",strong anion exchange,,6 fractions,"DNA pulldowns, on-bead digestion","SP1, GATA1, RUNX1, rs6904029",,"94 min, 239 min",two,,,,,,,,K562,"primary foreskin fibroblasts, peripheral blood mononuclear cells (PBMCs)","nuclear extract, nuclei",,,,,,,,,,,"K562, primary foreskin fibroblasts, peripheral blood mononuclear cells",,37 °C,
MSV000079562.txt,human,,,,"liver tissue, hepatocytes, nuclei, cytosol, membrane fractions","tissue, cells, cell line",,,,,,,QExactive mass spectrometer (Thermo),data-dependent mode,nanoelectrospray source,HCD,,normalized collision energies of 25,20 ppm,0.5 Da,"Total Protein Approach, Proteomic Ruler","endoproteinase LysC, trypsin",,DTT,Cys-depleted,"PEGylation, Cys-enriched",,,,reverse phase column (20 cm × 75 μm inner diameter) packed with 1.8 μm C18 particles,pipette tip SAX,"pH 12, pH 6, pH 4, pH 2, pH 5",4 fractions,PEGylation strategy,,250 nl/min,4 h,,duplicates,"7, 3",,,,hepatoma,,HepG2 (ATCC HB-8065),human hepatocytes,"nuclei, cytosol, membrane fractions",,,,,,,,,,,"native human hepatocytes, HepG2 cells",,,
MSV000079644.txt,"mouse, human",C57BL/6,,,"bone marrow, femora, tibiae","cells, cell line, tissue",,,,wildtype,,"GDC-0973, GDC-0623, SCH772984, DMSO",Q Exactive Plus instrument (Thermo Fisher Scientific),"Full-MS/ddMS2, PRM, DDA",,HCD,Orbitrap,"NCE 25%, NCE 35%",20 ppm,20 ppm,label-free,"Sequencing grade trypsin, sequencing grade modified trypsin","iodoacetamide, iodoacetimide",DTT,,"Carbamidomethyl-C, Acetyl (Protein N-term), Acetyl+Oxidation (Protein N-term M), Gln->pyro-Glu (N-term Q), Met-loss (Protein N-term M), Met-loss+Acetyl (Protein N-term M), Oxidation (M)",,,,"prototype 200 cm fused silica monolithic silica-C18 column, 100 µm inner diameter, Waters NanoAcquity UPLC system, EasySpray 50 cm column",,,,"active kinase enrichment methodology based on multidrug inhibitor beads, Multiplex inhibitor beads, MIB enrichment",multidrug inhibitor beads,"600 nL/min, 400 nL/min, 200 nL/min","6-h gradients, 20 min, 288 min, 36 min, 18 min, 18 min, 10 min",up to one allowed missed cleavage site,,2,,,pooled,colorectal carcinoma,"GDC-0973, GDC-0623, SCH772984, MAPK blockade",HCT116,Bone marrow cells,,,treated with drug or equivalent amounts of DMSO for 90 min,,,,,,,,,"GDC-0973, GDC-0623, SCH772984, DMSO",90 min,,"GDC-0973, GDC-0623, SCH772984, DMSO"
MSV000079774.txt,Homo sapiens,,,,,"cells, cell line",,,,,,,"Q Exactive™ (Thermo Fisher, San Jose, CA, USA)",data dependent mode,ESI,"higher-energy C-trap dissociation, HCD",,28 eV,20 ppm,20 ppm,"label-free, labeling",trypsin,IAA,DTT,,"Carbamidomethyl (C), Acetyl (Protein N-term), oxidation (M)",,,,"nano-RPLC-ESI-MS/MS system integrated with Ultimate™ 3000 RSLCnano and Q Exactive™, C18 trap column (150 μm i.d., 3 cm length), C18 separation column (75 μm i.d., 13 cm length)",,,,,,300 nL/min,"0–5 min, 5–85 min, 85–110 min, 110–120 min, 120–135 min",2,,,,,,,,MCF-7 cells,,,,,,,,,,,,,,,,
MSV000079830.txt,Homo sapiens,,,,,"cells, cell line",,,,,,,"Q Exactive™ (Thermo Fisher, San Jose, CA, USA)",data dependent mode,ESI,"higher-energy C-trap dissociation, HCD",,28 eV,20 ppm,20 ppm,"label-free, labeling",trypsin,IAA,DTT,,"Carbamidomethyl (C), Acetyl (Protein N-term), oxidation (M)",,,,"nano-RPLC-ESI-MS/MS, Ultimate™ 3000 RSLCnano, C18 trap column (150 μm i.d., 3 cm length), C18 separation column (75 μm i.d., 13 cm length)",,,,,,300 nL/min,"0–5 min, 5–85 min, 85–110 min, 110–120 min, 120–135 min",2,,,,,,,,MCF-7,,,,,,,,,,,,,,,,
MSV000079841.txt,"Homo sapiens, Mus musculus",C57BL/6 × 129/sv,,,brain,"cells, tissue",,,,,,,"LTQ Orbitrap Elite, Thermo Scientific, Q-Exactive Orbitrap mass spectrometer",LC-ESI-MS/MS,ESI,"HCD, HCD-MS2",,"35%, 25%","5 ppm, 500 Da",0.01 Da,,"Lys-C, trypsin",iodoacetamide,dithiothreitol,,"phosphorylation, glycosylation, methylation, cysteine alkylation, Oxidation (M), deamidation (N, Q), phosphorylation (ST), pyro-glutamate (N-term Q), carbamylation (K), Formylation (ST), iron (ED), iodoacetmaide (M), N-terminal methionine cleavage, acetylation, Acetylation (K), dihydroxy tryptophan (W), methylation (K), iodination (Y), mono-methylation, di-methylation, tri-methylation, diphthalamide modification",,,,"100 μm I.D. microcapillary column packed first with ∼0.5 cm of Magic C 4 resin (5 μm, 100 Å, Michrom Bioresources, Auburn, CA) followed by 20 cm of Maccel C 18 AQ resin (3 μm, 200 Å, Nest Group, Southborough, MA)",basic pH reverse phase fractionation,,total of 96 fractions which were consolidated into 24,,,"0.8 mL/min, ∼300 nL/min","50 min, 3 hr",1,,,24,,,,,HEK293,,,,,,,,,,,,,"HEK293 cells, Mouse brain",,,
MSV000079904.txt,human,,,,,"cells, cell line",,,,"ARID1A wild-type, ARID1A-mutated","Knockout of ARID1A, tetracycline-inducible wild-type ARID1A, ectopically expressed wild-type ARID1A","DMSO, doxycycline","Q Exactive Plus, Q Exactive HF",Data-dependent analysis,,,,,4.5 ppm,20 ppm,"label-free quantitative comparisons, Label-free quantitation (LFQ), MaxLFQ",trypsin,carbamidomethyl (Cys),DTT,,"acetylation (protein N-terminal), oxidation (Met)",,,,"nanoACQUITY UPLC, 180 μm x 20 mm nanoACQUITY UPLC Symmetry C18 trap column, 1.7 μm x 250 mm nanoACQUITY UPLC Peptide BEH C18 column",10% Bis-Tris NuPAGE minigels,,,,,,"245 min gradient, 5–30% B over 225 min, 30–80% B over 5 min, constant 80% B for 15 min, 30 min gradient",2,,3,6,,,ovarian clear cell carcinoma,doxycycline,"OVCA429, OVISE",ovarian clear cell carcinoma cell lines,,,96 h treatment duration,,,,,,,,,"ARID1A expression, ARID1A status, DMSO, 1 μg/ml doxycycline",96 h,37 °C,"DMSO, doxycycline 1 μg/ml"
MSV000079942.txt,Homo sapiens,,,,"peripheral blood mononuclear cells, blood",cells,,,,,,"inflammatory activation, dexamethasone, LPS, PHA","QExactive Orbitrap mass spectrometer, 6490 triple quadrupole mass spectrometer",MRM,nanospray ion source,HCD,Orbitrap,"30% normalized collision energy, 19.9 eV, 19.1 eV, 15.4 eV, 16.6 eV, 14.2 eV, 16.3 eV, 14.7 eV, 10.8 eV, 13.4 eV, 23.5 eV",5 ppm,20 ppm,label-free quantitative (LFQ),trypsin,IAA,DTT,,"carbamidomethylation on cysteins, methionine oxidation, N-terminal protein acetylation",,"Glu1-Fribrinopeptide B, M28, HK0, HK1",silver staining,"Dionex Ultimate 3000 nano LC system, 2 cm × 75 μm C18 Pepmap100 precolumn, 50 cm × 75 μm Pepmap100 analytical column, nanoflow LC system (1260 Infinity Series, Agilent, Palo Alto, CA), HPLC-Chip cube (Agilent), protein ID HPLC-Chip, 40 nL Zorbax 300SB-C18 trapping column, 150 mm × 75 μm Zorbax 300SB-C18 analytical column",SDS-PAGE gel,4 slices,4 slices,C-18 spin columns,,"10 μL/min, 300 nL/min, 400nL/min","235 min, 95 min, 20 min",2,"duplicate, triplicate",3,,,,inflammation,dexamethasone,,peripheral blood mononuclear cells (PBMCs),"cytoplasmic fraction, nuclear proteins, nuclear fraction",,"4 h of cultivation, 3 h in serum-free medium",,,,,,,,,"control, inflammatory activation, inflammatory activation and subsequent dexamethasone treatment","4 h, 3 h",37 °C,"LPS 1 μg/mL, PHA 5 μg/mL, dexamethasone 100 ng/mL"
MSV000079947.txt,Homo sapiens,,64 to 75,women,"breast, mammary","tissue, cells, cell line",biopsy,,postmenopausal,,,"TGFβ, IL-1β","QExactive Orbitrap (Thermo Fisher Scientific, Austria), LTQ Orbitrap Velos (Thermo Fisher Scientific, Austria)",,nanospray ion source,"HCD, CID","HCD cell, ion trap, CID cell","30% normalized collision energy, 35% normalized collision energy",5 ppm,"20 mmu, 0.6 Da, 20 ppm, 0.5 Da",LFQ,trypsin,iodoacetamide,"dithiothreitol, DTT",,"carbamidomethyl–cysteine, methionine oxidation, N-terminal protein acetylation, Carbamidomethylation of cysteine residues, oxidation of methionine residues",,synthetic standard peptides,silver-stained,"Dionex Ultimate 3000 UHPLC, 2 cm × 75 μm C18 Pepmap100 precolumn, 15 cm × 75 μm Pepmap100 column, 50 cm × 75 μm Pepmap100 column",SDS-PAGE,,"eight slices, four slices",,,"10 μL/min, 300 nL/min","45 min, 185 min, 235 min",two,duplicates,2,,,,"breast adenocarcinoma, invasive breast carcinoma",,ZR-75-1,primary human mammary fibroblasts,cytoplasmic fraction,,"7 days with TGFβ, 24 h with IL-1β",,breast,breast,,histological grade of 2,,,breast,"tumor-central, tumor-near, tumor-distant, TGFβ, IL-1β, quiescent cell state","7 days, 24 h",,"TGFβ 2 ng/mL, IL-1β 10 ng/mL"
MSV000079960.txt,human,,"newborn, adult",,"monocytes, cord blood, blood","cells, biofluid",,,,,,"vehicle, Alum, MPLA, R848, sterile medium",Q Exactive; Thermo Scientific,,,"higher-energy collisional dissociation, HCD",Orbitrap mass analyzer,normalized collision energy of 27%,10 parts per million (ppm),0.02 Dalton (Da),label-free,trypsin,acrylamide,"dithiothreitol, DTT",,"carbamidomethyl, methionine oxidation, pyroGlu formation, Glu->pyro-Glu, Gln->pyro-Glu, ammonia-loss",,,Coomassie Blue,"nanoflow ultrahigh-performance liquid chromatography (UPLC) system (Eksigent/Sciex; Framingham, MA), in-house packed 100 μm i.d. × 15 cm C18 column (Magic C18, 5 μm, 200Å; Michrom Bioresource; Auburn, CA)","SDS-PAGE (NuPage; Invitrogen, NY), gel lanes were excised and subjected to in-gel tryptic digestion",,,proteins were precipitated from the supernatants using trichloroacetic acid,,400 nl/min,,"one, two",,"6, 7","6 for adult, 7 for newborn",,,,,,"human newborn and adult monocytes, monocytes, CD14 positive",secretomes,,"24 h with vehicle, Alum, MPLA, or R848",,,,,,,,,"newborn, adult, Alum, MPLA, R848, 5 μg/ml, 100 ng/ml, 1000 ng/ml, 5 μ m, 50 μ m, 24 h",24 h,37 °C,"Alum 5 μg/ml, MPLA 100 ng/ml, MPLA 1000 ng/ml, R848 5 μ m, R848 50 μ m"
MSV000079982.txt,human,,,,umbilical vein,cells,supernatants,,,,,inflammatory stimulation with 10 ng/mL interleukin-1beta,"Q Exactive orbitrap, 6490 triple quadrupole mass spectrometer","shotgun, MRM",Electrospray ionization,,triple quadrupole mass spectrometry,,,,Label-free quantitative (LFQ),,,,,,four synthetic standard peptides,"Glu1-Fribrinopeptide B – EGVNDNEEGFFSAR, M28 – TTPAVLDSDGSYFLYSK, HK0 – VLETKSLYVR, HK1 - VLETK(ε-AC)SLYVR, VIESGPHCANTEIIVK, EICLDPEAPFLK, CVCLQTTQGVHPK",,"nano-chip-LC, 1260 Infinity Series HPLC system, 150 mm × 75 μm separation column (5 μm ZORBAX 300SB-C18, 30 Å pore size)",,,,160-nl enrichment column,,"5 μl/min, 400 nl/min","20 min gradient, 0 min, 0 % B; 1 min, 8 % B; 17 min, 20 % B; 20 min, 30 % B; 21 min, 80 % B; 26 min, 80 % B; 27 min, 40 % B; 28 min, 40 % B; 29 min, 0 % B; 40. 0 % B",zero,,3,,,,,"inflammatory stimulation with 10 ng/mL interleukin-1beta (IL-1β; Sigma-Aldrich, USA)",,"Primary human umbilical vein cells (HUVEC), Normal human dermal fibroblasts (NHDF)",supernatants,,24 h,,,,,,,,,"untreated, inflammatory activation, 10 ng/mL","24 h, 6 h",,interleukin-1beta (IL-1β; 10 ng/mL)
MSV000080048.txt,human,,,,"dermal fibroblasts, umbilical vein endothelial cells, peripheral blood mononuclear cells",cells,,,,,,"interleukin 1-β, IL-1β",QExactive orbitrap mass spectrometer,"data-dependent bottom up analytical platform, top 12 method, top 8 method",nanospray ion source,HCD,orbitrap,30% normalized collision energy,25 ppm,20 ppm,"label-free quantification, LFQ",Trypsin,"iodoacetamide, IAA","DTT, dithiothreitol",,"carbamidomethylation of cysteines, methionine oxidation, N-terminal protein acetylation",,synthetic standard peptides,silver staining,"nanoUPLC-system UtiMate 3000 RSLCnano, 2 cm x75 μm C18 Pepmap100 pre-column, 50 cm × 75 μm Pepmap100 analytical column",SDS-PAGE,,4 slices,C-18 spin columns,,"10 μl/min, 300 nl/min","235 min, 95 min",two,,"7, 3","fourteen, six",,,inflammation,"interleukin 1-β, IL-1β",,"primary human endothelial cells, fibroblasts, peripheral blood mononuclear cells, primary human dermal fibroblasts (NHDF), human umbilical vein endothelial cells (HUVEC), PBMCs","secreted, cytoplasmic, nuclear protein fractions, cytoplasm, nuclear extract, supernatant",,24 h,,,,,,,,,"IL-1β, 24 h, HUVEC, NHDF, PBMCs",24 h,37 °C,IL-1β 10 ng/ml
MSV000080049.txt,human,,,,"secreted, cytoplasmic, nuclear",cells,,,,,,"interleukin 1-β, IL-1β",QExactive orbitrap mass spectrometer,data-dependent bottom up analytical platform,nanospray ion source,HCD,orbitrap,30% normalized collision energy,25 ppm,20 ppm,"label-free quantification, LFQ",Trypsin,"iodoacetamide, IAA","DTT, dithiothreitol",,"carbamidomethylation of cysteines, methionine oxidation, N-terminal protein acetylation",,synthetic standard peptides,silver staining,"nanoUPLC-system UtiMate 3000 RSLCnano, 2 cm x75 μm C18 Pepmap100 pre-column, 50 cm × 75 μm Pepmap100 analytical column",SDS-PAGE,,4 slices,,,"10 μl/min, 300 nl/min","235 min, 95 min",two,,"7, 3","fourteen, six",,,inflammation,"interleukin 1-β, IL-1β",,"primary human endothelial cells, fibroblasts, Primary HUVEC, Normal human dermal fibroblasts (NHDF), peripheral blood mononuclear cells","secreted, cytoplasmic, nuclear, supernatants, cytoplasmic protein fractions, nuclear protein extracts",,24 h,,,,,,,,,"IL-1β, 24 h, HUVEC, NHDF",24 h,37 °C,IL-1β 10 ng/ml
MSV000080056.txt,human,,,,"prostate, prostate tumors, nonmalignant tissue","tissue, cells, cell line","radical prostatectomy specimens, formalin-fixed paraffin-embedded",,,,metabolically labeled with heavy arginine and lysine,,"Q-Exactive mass spectrometer (Thermo, USA)",data-dependent mode,,higher energy collisional dissociation,,,,,"Super-SILAC, stable isotope labeling by amino acids in cell culture (SILAC)",trypsin,,,,,"isotopically labeled standard, spike-in standard",,,"online liquid chromatography–Mass spectrometry/mass spectrometry, LC-MS/MS, 30 cm C18 column","strong anionic exchange, strong anion exchange chromatography",,six fractions,,,,4-h gradient,,,36,"28, 8",,pooled,"prostate cancer, PCa",,"LNCaP, 22rv1, PC3, WPMY-1",,,,,,peripheral prostate zone,,,Gleason score 6–9,,,prostate,"tumor, nonmalignant",,,
MSV000080059.txt,human,,,,cord blood,"cells, cell line",,,"late burst-forming units-erythroid (BFU-Es), basophilic stage, orthochromatic erythroblasts, reticulocytes, pyrenocytes, progenitor stage, Ortho stage",,,"IL6, IL3, SCF, EPO, dexamethasone, human serum, fetal calf serum","Q-Exactive, Orbitrap-Velos mass spectrometer (Thermo Fisher Scientific), Orbitrap Velos mass spectrometer",data-dependent scheme,,"collision-induced dissociation (CID), higher-energy collisional dissociation (HCD)",linear trap quadrupole (LTQ),,,,"Label-free protein quantification, ITRAQ",,,,,,,,,C18 reverse-phase resin (75-μm inner diameter and 15-cm length),"strong cationic exchange (SCX) StageTips, isoelectric focalization using an Agilent 3100 Off-Gel fractionator",,,,,,"3-hr gradient, 2-hr elution process",,,,,,,,,"UT7, K562","primary erythroid cells, erythroid progenitors, CD34 + progenitors, CD36 + erythroid progenitors, late burst-forming units-erythroid (BFU-Es), orthochromatic erythroblasts, reticulocytes, pyrenocytes, erythroblast",whole-cell lysates,,Each day,,,,,,,,,"differentiation stages, reticulocytes, pyrenocytes","7 days, 3 days, 5 days",,"IL6, IL3, SCF, EPO, dexamethasone, human serum, fetal calf serum"
MSV000080062.txt,human,,,,"saphenous veins, great saphenous vein",tissue,,,,,,"recombinant human chymase, tryptase β1","LTQ-Orbitrap XL, Thermo Fisher Scientific, Q Exactive Plus instrument (Thermo Fisher Scientific), TSQ Vantage, Thermo Fisher Scientific","data-dependent acquisition mode, multiple reaction monitoring (MRM)",,,,,,,,"tryptic, tryptase β1, chymase",,,,,,,,"nanoflow LC system (Thermo Fisher Scientific, Ultimate 3000 RSLC nano)",SDS–PAGE,,,"sequential extraction procedure, decellularization using 0.08% SDS and extraction of ECM proteins using 4 M guanidine hydrochloride (GuHCl)",,,,,,"6, 5","6, 6, 5, 5",,,"venous hypertension, varicose veins",,,saphenous vein smooth muscle cells (SMCs),,,24 h,,,saphenous veins,,,,,,"normal saphenous veins, varicose saphenous veins, recombinant human chymase, tryptase β1",,,"recombinant human chymase 1 μg/mL, tryptase β1 250 ng/mL"
MSV000080064.txt,human,,"Bronze Age, present day",,dental calculus,,,,,,,,"LTQ-Orbitrap VELOS mass spectrometer (Thermo Fischer Scientific, Bremen, Germany), Q-Exactive, Orbitrap Elite","shotgun protein tandem mass spectrometry (MS/MS), data dependent manner, data-dependent mode",nano electrospray ion source,Higher energy collision induced dissociation (HCD),"Orbitrap, linear ion trap","normalized collision energy of 40%, 28% normalized collision energy, 35% normalized collision energy, Normalized collision energy was 25%","20 ppm, 10 ppm",0.07 Da,,Tryptic,carbamidomethylation,,,"acetyl (protein N-term), deamidated (NQ), glutamine to pyroglutamate, methionine oxidation, hydroxylation of proline",bovine fetuin,,,"Eksigent-NanoLC-Ultra 1D plus HPLC system, self-made tip column (75 μm × 80 mm) packed with reverse phase C18 material (AQ, 3 μm 200 Å, Bischoff GmbH, Leonberg, Germany), UPLC separation on an EASY-Spray column (50 cm × 75 μm ID, PepMap RSLC C18, 2 μm) connected to a Dionex Ultimate 3000 nUPLC, nAcquity UPLC (1.7 um BEH130 C18, 75 um × 250 mm), EASY-nLCTMsystem (Thermo Scientific, Odense, Denmark), 15 cm analytical column (75 μm inner diameter) in-house packed with 3 μm C18 beads (Reprosil-AQ Pur, Dr. Maisch)",,,,filter-aided sample preparation (FASP),,"250 nl per min, 250 nl/min, 250 nL/min","2 min, 57 min, 60 min, 65 min, 130 minute linear gradient, 20 minute gradient",two,,98,98,,,,,,,,,,,,,,,,,,,"Bronze Age (ca. 3000 BCE), present day, medieval Norse colonies, 15 th century CE",,
MSV000080065.txt,human,,,,prostate,"tissue, cells, cell line","prostatectomy samples, radical prostatectomy specimens",,,,metabolically labeled with heavy arginine and lysine,,"Q-Exactive mass spectrometer (Thermo, USA)",data-dependent mode,,higher energy collisional dissociation,,,,,"Super-SILAC, stable isotope labeling by amino acids in cell culture (SILAC)",trypsin,,,,,"isotopically labeled standard obtained from four prostate-derived cells lines, spike-in standard",,,"online liquid chromatography, 30 cm C18 column","strong anionic exchange, strong anion exchange chromatography",,six fractions,,,,4-h gradient,,,,"28 tumor, eight nonmalignant",,pooled,"prostate cancer, PCa",,"LNCaP, 22rv1, PC3, WPMY-1",,,,,,peripheral prostate zone,,,Gleason score 6–9,,,prostate,"tumor, nonmalignant tissue",,,
MSV000080085.txt,human,,,,,cells,,,,,,"interleukin 1-β, IL-1β",QExactive orbitrap mass spectrometer,"data-dependent bottom up analytical platform, shotgun proteomics",nanospray ion source,HCD,orbitrap,30% normalized collision energy,25 ppm,20 ppm,"label-free quantification, LFQ",Trypsin,"iodoacetamide, IAA","DTT, dithiothreitol",,"carbamidomethylation of cysteines, methionine oxidation, N-terminal protein acetylation",,synthetic standard peptides,silver staining,"nanoUPLC-system UtiMate 3000 RSLCnano, 2 cm x75 μm C18 Pepmap100 pre-column, 50 cm × 75 μm Pepmap100 analytical column",SDS-PAGE,,4 slices,C-18 spin columns,,"10 μl/min, 300 nl/min","235 min, 95 min",two,,"7, 3","fourteen, six",,,inflammation,"interleukin 1-β, IL-1β",,"primary human endothelial cells, fibroblasts, peripheral blood mononuclear cells, primary human dermal fibroblasts (NHDF), human umbilical vein endothelial cells (HUVEC), PBMCs","secreted, cytoplasmic, nuclear, supernatants, cytoplasm, nuclear extract",,24 h,,,,,,,,,"10 ng/ml, 24 h",24 h,37 °C,IL-1β 10 ng/ml
MSV000080198.txt,Homo sapiens,,,,,"cells, cell line",,,,,"GFP, BirA*, MCM2 to MCM7",etoposide,OrbiTrap QExactive mass spectrometer (Thermo Scientific),,electrosprayed,collision-induced dissociation,,normalized collision energy was set at 35%,7 ppm,20 ppm,SILAC,trypsin,iodoacetamide,DTT,,"carbamidomethylation on cysteine, methionine oxidation, protein N-terminal acetylation",,,Coomassie Blue,"Dionex Ultimate 3000 nanoHPLC system, Acclaim PepMap100 C18 column (0.3 mm id × 5 mm, Thermo Scientific), PepMap C18 nano column (75 μm × 50 cm, Thermo Scientific)","SDS-PAGE gel electrophoresis, gel was cut into slices",,,"GFP-Immunoprecipitation, Streptavidin Purification","MCM2, MCM3, MCM4, MCM5, MCM6, MCM7","4 μL/min, 200 nL/min",4 h gradient,two,,,,,pooled,,,"U2OS, U2OS Flp-In T-Rex cells",,,,"48 h, 24 h",,,,,,,,,DNA damage,"48 h, 24 h",,"Doxycyclin 2 μg/mL, biotin 50 μM, etoposide"
MSV000080224.txt,Homo sapiens,,,,,cells,,,,,,citrullination,"Q Exactive mass spectrometer (Thermo Fisher Scientific, Bremen, Germany)",,nano-electrospray ionization source,,,,5 ppm,0.015 Da,,trypsin,,,,"Carbamidomethyl (C), citrullination (R), deamidation (N, Q), oxidation (M)",,,,"nanoflow HPLC system (Easy-nLC1000, Thermo Fisher Scientific)",,,,,,,,two,,,,,,,,,,,,,,,,,,,,,PAD2 1.4 U/ml,,,"PAD2 1.4 U/ml, TGFβ1-LAP 0.1 μg/ml"
MSV000080254.txt,human,,,,,cell line,,,,HBV infective background with HBAg+,,,"Orbitrap Q-Exactive (Thermo Fisher Scientific, San Jose, CA), Triple TOF 5600 (AB SCIEX, Concord, ON)",shotgun proteome strategy,,,,,,,"label-free quantification, extracting ion current (XIC)-based label-free quantification",,,,,,,,,,,,,,,,,,,,12 batches,,,hepatocellular carcinoma (HCC),,"Hep3B, MHCC97H, HCCLM3",,,,,,,,,,,,,"metastasis, nonmetastasis",,,
MSV000080262.txt,Homo Sapiens,,,,,cell line,exosomes,,,"MCPyV-negative, MCPyV-positive",,,Thermo Scientific Q-Exactive mass spectrometer,data-dependent mode,,,,,,,,,,,,,,,,Thermo Fisher Scientific EASY system,,,,"differential centrifugation, filtration, ExoQuick exosome precipitation reagent",,,,,,3,4,,,Merkel cell carcinoma,,"MCC13, MCC26, MKL1, MKL2",,"exosomes, extracellular vesicles",,,,,,,,,,,"MCPyV-negative, MCPyV-positive",,,
MSV000080263.txt,human,,"65–79 years of age, 62–75 years of age","female, male",urine,biofluid,,,advanced age,,,,Q Exactive (Thermo Fisher Scientific),LC-MS/MS,nanoelectrospray ionization source (Proxeon Biosystems),,,,"20 ppm, 4.5 ppm",,Label-free quantification,trypsin,iodoacetamide,"dithiothreitol, DTT",,"carbamidomethyl cysteine, oxidized methionine, protein N-acetylation, oxidized proline",,,,"C18 trap column, packed with Varian Pursuit (5 μm C18)",Strong cation exchange chromatography,"Frs. 11–13, 14–17, 18–21, Frs. 3–5, 6, 7–9","26 fractions per sample were collected for proteomics, 12 fractions per sample were collected for peptidomics","ultrafiltration, hydrophilic-lipophilic-balanced reversed-phase cartridge (Oasis HLB)",,0.2 mL/min,"60 min linear gradient separation, 60 min gradient","two, 50",duplicate,6,six,,pooled,healthy,,,,,,,,,,,,,,,,,,
MSV000080265.txt,human,,,,nuclei,"cells, cell line",,,proliferating,,,"irradiated in a stratalinker with 0.4 J cm−2 UVC light (256 nm), non-crosslinked control",Thermo Scientific Q-Exactive Plus Orbitrap mass spectrometer,"nanoLC–MS/MS, data-dependent MS/MS",Nanoelectrospray,,,normalised collision energy of 25 eV,,,"label-free quantification, LFQ",trypsin,chloroacetamide,DTT,,"Cysteine carbamidomethylation, N-terminal acetylation, methionine oxidation",,,silver staining,"nanoflow reverse-phase liquid chromatography (Dionex Ultimate 3000, Thermo Scientific), PicoFrit analytical column (75 μm ID × 25 cm long, 15 μm Tip ID (New Objectives, Woburn, MA) packed in-house with 3 μm C18 resin (Reprosil-AQ Pur, Dr Maisch, Ammerbuch-Entringen, Germany)","strong anion-exchange chromatography, SCX","pH levels 11, 8, 6, 5, 4 and 3","six pH fractions, five strong anion-exchange chromatography fractions","serial RNA interactome capture, serIC, oligo(dT) dynabeads",poly(A)–RNA,266 nl min −1,180 min,two,,2,,,pooled,,,K562 (ATTC),,"nuclei, chromatin",,,,,,,,,,,"crosslinked, non-crosslinked control",,37 °C,
MSV000080266.txt,Homo sapiens,,,,bone marrow,"cells, biofluid",,,,,,"apoptosis-resistant, apoptosis-sensitive","LTQ-FTMS instrument (ThermoFisher), Q Exactive mass spectrometer (ThermoFisher)",,"nanospray source, Nanospray Flex Ion source",HCD,"linear ion trap, HCD cell, Orbitrap","35% normalized activation energy, 25% normalized collision energy, normalized collision energy of 25","10 ppm, 4.5 ppm","1 atomic mass unit, 20 ppm",,trypsin,cysteine carboxamidomethylation,,,"methionine oxidation, N-acetylation",,,Coomassie Brilliant Blue G250,"Ultimate 3000 nano-LC-MS/MS system, 20 cm × 75 μm inner diameter fused silica column custom packed with 3 μm 120 Å ReproSil Pur C18 aqua, nano-LC-MS/MS","1D SDS-PAGE, gel lanes were sliced into nine pieces",,nine pieces,differential ultracentrifugation,,"6 μl/min, 300 nl/min",60 min,"two, One",,,,,,acute myeloid leukemia (AML),chemotherapy,HeLa cells,"AML blasts, lymphocytes, primary AML cells","secretomes, extracellular vesicle, lysate",,"at diagnosis, after different cycles of chemotherapy",,bone marrow,,,,,,bone marrow,"apoptosis-resistant, apoptosis-sensitive",18 h,37 °C,
MSV000080267.txt,human,,,"women, men","blood, plasma, serum",biofluid,,,,,,,Q Exactive HF Orbitrap (Thermo Fisher Scientific),"Top5 data-dependent MS/MS scan method, topN method",nano-electrospray ion source,higher energy C-trap dissociation,,normalized collision energy of 27 eV,7 ppm,20 ppm,label-free quantification,"LysC, trypsin",,,"Agilent Multiple Affinity Removal Spin Cartridge, ProteoPrep20 Plasma Immunodepletion Kit","cysteine carbamidomethylation, N-terminal acetylation, methionine oxidations",,Plasma PrESTs,,"EASY-nLC 1000 ultra-high-pressure system, 40 cm HPLC-columns (internal diameter 75 μm; in-house packed into the tip with ReproSil-Pur C18-AQ 1.9 μm resin; Dr. Maisch)",basic reversed-phase pre-fractionation,,"46 collected fractions, 8 fractions","Agilent Multiple Affinity Removal Spin Cartridge, ProteoPrep20 Plasma Immunodepletion Kit",,450 nl/min,"20 min, 15 min, 5 min, 50 min, 10 min, 12 min",two,,10,"15, 32, 30",,,healthy,,,,,,"6 a.m., 9 a.m., 12 p.m., 3 p.m.",,,,,,,,,"women, men, plasma, serum","6 a.m., 9 a.m., 12 p.m., 3 p.m.",,
MSV000080269.txt,human,,19–45 years,"female, male",urine,biofluid,,various ethnic backgrounds,,,,,"Q Exactive Hybrid Quadrupole-Orbitrap, Thermo Fisher Scientific",data-dependent MS2 scans,nano-electrospray ion source,HCD,,Normalized collision energy of HCD fragmentation was set at 35%,10 ppm,10 ppm,,"Lys-C, trypsin",chloroacetamide,DTT,,"Carbamidomethyl at cysteine, oxidation at methionine, di-glycine (+114.042927, Unimod Accession #: 121) at lysine, LeuArgGlyGly (LRGG, +383.228103, Unimod Accession #: 535) at lysine",AQUA peptide mixture,"Lys11-, Lys48-, and Lys63-linked polyubiquitin AQUA peptides",Coomassie,"nano-liquid chromatography (UltiMate® 3000 RSLCnano system, Thermo Fisher Scientific)",SDS-PAGE,,32 pieces,"immunoaffinity purified using the PTMScan® Ubiquitin Remnant Motif (K-ε-GG) Kit (#5562, Cell Signaling Technology)",,,,three,two,20,,,pooled,healthy,,,,"exosomes, low-density membrane fractions",,,,,,,,,,,,,,
MSV000080270.txt,Homo sapiens,,,,,cells,,,,EGFR mutated,,Erlotinib,Q Exactive mass spectrometer,NanoLC–MS/MS,,"HCD, higher-energy collision",orbitrap,25% normalized collision energy,4.5 ppm,20 ppm,label-free,trypsin,carboxamidomethylation,,,"Cysteine carboxamidomethylation, serine, threonine and tyrosine phosphorylation, methionine oxidation, N-terminal acetylation",,,,"Ultimate 3000 nanoLC-MS/MS system, 20 cm × 75 μm ID fused silica column custom packed with 3 μm 120 Å ReproSil Pur C18 aqua",,,,"Phosphopeptide immunoprecipitation, phosphotyrosine-based phosphoproteomics",,300 nl/min,90 min,two,six,,6,,,cancer,Erlotinib,"HCT116, U87",,,,,,,,,,,,,"P-Tyr-1000, 4G10, Erlotinib",,,Erlotinib
MSV000080274.txt,Homo sapiens,,,,,"cells, cell line",,,,,,,Q-Exactive mass spectrometer,fast,electrospray ionization,,,,,,,"Lys-C, trypsin",iodoacetamide,,depletion of SDS,,,,,"reversed-phase chromatography, EASY-nLC, in-house-manufactured 20-cm fritless silica microcolumns with an inner diameter of 75 μm, ReproSil-Pur C18-AQ 3-μm resin","in-gel peptide isoelectric focusing using immobilized pH gradient strips, isoelectric focusing","Fraction 1, Fraction 2, Fraction 3, Fraction 4, Fraction 5, Fraction 6",six pieces,,,200 nl/min,214 min,,,,,,,,,HEK293,,,,,,,,,,,,,,,,
MSV000080275.txt,human,,between 41 and 70 years,"Male, female",sputum,biofluid,,ethnicity,,,,"current asymptomatic smokers, smokers with early stage COPD, former smokers, never smokers",Q Exactive™ mass-analyzer (Thermo Scientific),LC–MS/MS,,,,,,,Tandem Mass Tag™ 6-plex (TMTsixplex™),trypsin,,DTT,,,,,,"EASY-nanoLC 1000, 50 cm C18RP RSLC EASY-spray™ column (2 μm particle size; Thermo Scientific)",,,,,,200 nL/min,200 min,,duplicate,240,"240, 216, 54",,pooled,"Chronic obstructive pulmonary disease (COPD), early stage COPD, asymptomatic smokers, former smokers, never smokers",salbutamol,,,cell-free sputum supernatant,,,,,lung,,,,,,"current asymptomatic smokers, smokers with early stage COPD, former smokers, never smokers",,,salbutamol 200 μg
MSV000080276.txt,Homo sapiens,,reproductive age,women,"endometrium, peritoneal endometriotic lesions","cells, tissue",biopsy,,secretory phase,,,,Q Exactive (Thermo Fisher Scientific),top-15 strategy,,higher-energy collisional dissociation,,normalized collision energy of 27,≤20 ppm,≤20 ppm,"stable isotope labeling by amino acids in cell culture, SILAC",dimethylated porcine trypsin,,DTT,,"Methionine oxidation, asparagine/glutamine deamidation, protein N-terminal acetylation, cysteine carbamidomethylation",SILAC standard,,,"Ultimate 3000 RSLCnano system (Dionex), C18 cartridge trap-column (Dionex), in-house packed (3 μm C18 particles, Dr Maisch) analytical 50 cm × 75 μm emitter-column (New Objective)","strong cation exchange (SCX), C18 StageTips",,six fractions,,,200 nL/min,240 min,,,16,"6, 5, 5",,,endometriosis,,Ishikawa cancer cells,"primary stromal cell, endometrial stromal cells, eutopic endometrial primary stromal cell, ectopic endometrial primary stromal cell",,,,,,,,,,,peritoneal lesions,"healthy controls, endometriosis patients, stromal cells from endometrium of healthy controls, stromal cells from endometrium of endometriosis patients, stromal cells from peritoneal lesions",,37 °C,
MSV000080277.txt,human,,,,cerebrospinal fluid,biofluid,,,,,,,Q Exactive mass spectrometer (ThermoFisher Scientific),data-dependent acquisition mode,,higher-energy C-trap dissociation fragmentation,,normalized collision energy of 30,7 p.p.m.,20 p.p.m.,,trypsin,iodoacetamide,DTT,,"Cysteine carbamidomethylation, N-acetylation of proteins, oxidized methionine, serine, threonine, and tyrosine phosphorylations",,,Coomassie brilliant blue G-250,"75 μm × 42 cm custom packed Reprosil C18 aqua column (1.9 μm, 120 Å), U3000 RSLC high pressure nanoLC (Dionex)","ultracentrifugation, gradient gels, NuPAGE 4–12% Bis-Tris gel",,9 bands,"ultracentrifugation, Sucrose cushion isolation",,300 nL/min,90 min.,two,,2,Two independent pools,"CSF1, CSF2",pooled,,,,,"Extracellular vesicles, EVs, soluble CSF fraction",,,,,,,,,,,,,,
MSV000080278.txt,human,,,,exosomes,cell line,,,,,,starved,QExactive tandem mass spectrometer (Thermo Scientific),top 10 data dependent acquisition method,Easy-Spray nano-electrospray ionization source (Thermo Scientific),,,,,20 ppm,,trypsin,IAA,DTT,,"carbamidomethylation of cysteine, oxidation of methionine",,,,"EASY-nLC 1000 nano flow ultra-performance liquid chromatography system, 50 cm EASY-Spray column (PepMap C18, 2 μm particles, 100 Å pore size; Thermo Scientific)",,,,"differential centrifugation, ultracentrifugation",,250 nL/minute,230 min,2,,,four,,pooled,epithelial ovarian cancer,,"OVCAR3, OVCAR433, OVCAR5, SKOV3",,exosomes,,48 h starvation in serum-free media,,,,,,,,,"OVCAR3, OVCAR433, OVCAR5, SKOV3",48 h,37 °C,
MSV000080280.txt,Human,,,,lymph node,tissue,,,,,,,Q-Exactive,top10 data-dependent approach,,HCD,Orbitrap mass analyzer,normalized collision energy of 30%,1 Da,1 Da,,sequencing grade trypsin,iodoacetamide,DTT,,,,,,"column (50 cm x 75 μm, C18, 2 μm and 100Å, PN 164540, Thermo Scientific, San José, CA, USA)",Strong cation exchange chromatography,,6 fractions,,,250 nL/min,"120 min, 180 min, 185 min, 5 min",three,,10,10,,,metastatic melanoma,surgical excision,,,,,,,lymph node,,,,,,lymph nodes,"pigmentation, high immune",,,
MSV000080281.txt,Homo sapiens,,,,,cell line,,,,,,"ATP, staurosporine, crizotinib",Q Exactive,data-dependent mode,,"higher-energy collisional dissociation, HCD",octopole collision cell,"normalized HCD collision energy, 25%",7 ppm,20 ppm,"label-free, SILAC, spike-in SILAC","trypsin, sequencing-grade trypsin",iodoacetamide,DTT,,"Carbamidomethylation of cysteine, methionine oxidation, desthiobiotinylated lysine",,,,"UltiMate 3000 Nano LC system, fused silica column (300 mm length × 75 μm i.d.) packed in-house with reverse-phase material ReproSil-Pur C18-AQ, 1.9 μm resin, trap column (0.075 × 20 mm, Acclaim PepMap RSLC Nano-Trap Column; Thermo Scientific)",,,,Immobilized streptavidin agarose resin,"ActivX desthiobiotin-ATP probe, ATP probe",280 nL/min,85 min,three,,,,,,,,HeLa-S3 cells,,,,,,,,,,,,,"10 μM ATP, 10 μM staurosporine",,37 °C,"ATP 10 μM, staurosporine 10 μM"
MSV000080368.txt,Homo sapiens,,,,serum,biofluid,,,,,,,Q Exactive Plus mass spectrometer (Thermo Scientific),,,,,,,mass error PPM ≤1.5,,,,,,,stable isotopically labeled peptides,,,Nano-ACQUITY UPLC system (Waters),affinity purified on Dsg,"unbound fraction, bound fraction",,affinity purified on Dsg,Dsg,,,,4-Mar,6,,,,"pemphigus, PV, PF",,,,,,"time 0, 0.7 year later, 1.8 years later",,,,,,,,,"PV, PF","6 years, 6.6 years, 0, 0.7 year later, 1.8 years later",,
MSV000080517.txt,human,,,,"melanoma tissue, tumour tissue",tissue,,,,,,,"Q Exactive, Q Exactive HF",data-dependent ‘top 10’ method,nanoelectrospray ion source,higher energy collisional dissociation,,,6 p.p.m.,20 p.p.m.,,,iodoacetamide,,deplete the endogenous antibodies,"N-terminal acetylation, methionine oxidation, phosphorylation",,Synthetic peptides for spectra validation,,"nanoflow HPLC (Proxeon Biosystems, Thermo Fisher Scientific, Odense), 50 cm long, 75 μm inner diameter column with ReproSil-Pur C18-AQ 1.9 μm resin (Dr. Maisch GmbH, Ammerbuch-Entringen, Germany)",,,,"immunoaffinity purified, immunoaffinity purification","HLA-I molecules, HLA-II molecules",250 nl min −1,90 min,,,,140,,,metastatic malignant melanoma,Ipilimumab,"T2, LCL1 (IHW09005, HLA-A0301, B2705, C0102), LCL2 (IHW09216, HLA-A0201, A0301, B3502, B3801), T2-A3, T2-B7, T2-B27",PBMC,,,,,,,,,,,,,,,
MSV000080544.txt,"human, mouse",,,,,,,,,,,,"Orbitrap Fusion Lumos mass spectrometer (Thermo Fisher Scientific), 5600 TripleTOF (QTOF) mass spectrometer (AB Sciex)","survey method, HCD method, IT method, ETD method",,"HCD, CID, ETD, EThcD, ETciD","Orbitrap, ion trap","28% normalized collision energy, 35% normalized collision energy, 20, 25, 30, 23","20 ppm, 4.5 ppm",,,tryptic,,,,"carboxyamidomethylated cysteine, Carbamidomethylated cysteine, methionine oxidation","retention time (RT) standards, 13C-labelled peptides",synthetic tryptic peptides,,"Dionex 3000 HPLC system, in-house packed C18 columns, 75 μm × 2 cm trap column packed with 5 μm particles of Reprosil Pur ODS-3, 75 μm × 40 cm analytical column, packed with 3 μm particles of C18 Reprosil Gold 120",,,,,,300 nL/min,50 min,"two, one",,,96,,pooled,,,,,,,,,,,,,,,,,,,
MSV000080596.txt,human,,between 18 and 65 years,"women, men",plasma,biofluid,plasma,,,,,"weight loss, liraglutide",Q Exactive HF Orbitrap (Thermo Fisher Scientific),"Top15 data-dependent MS/MS scan method, topN method",nano-electrospray ion source (Thermo Fisher Scientific),higher-energy C-trap dissociation (HCD),,normalized collision energy of 27 eV,7 ppm,20 ppm,Label-free protein quantitation (LFQ),"Trypsin, LysC",,,"depletion of the top 20 most abundant plasma proteins, Agilent Multiple Affinity Removal Spin Cartridge, ProteoPrep20 Plasma Immunodepletion Kit","cysteine carbamidomethylation, N-terminal acetylation, methionine oxidations",,,,"EASY-nLC 1000 ultra-high-pressure system, 40-cm HPLC columns [ID: 75 μm; in-house packed into the tip with ReproSil-Pur C18-AQ 1.9 μm resin (Dr. Maisch GmbH)]",,,,"depletion of the top 20 most abundant plasma proteins, Agilent Multiple Affinity Removal Spin Cartridge, ProteoPrep20 Plasma Immunodepletion Kit",,350 nl/min,"45-min runs, linear 18-min gradient, 12-min increase, 6 min, 5.5-min increase, 3.5-min wash",two,triplicate,43,"1,294",,,"obese, obesity, metabolic diseases","very low‐calorie powder diet, liraglutide",,,,,"before weight loss (week −8), directly after (week 0), weeks 4, 13, 26, 39, 52",between 30 and 40 kg/m2,,,,,,,,"weight loss, weight maintenance, liraglutide, week −8, week 0, weeks 4, weeks 13, weeks 26, weeks 39, weeks 52","week −8, week 0, weeks 4, weeks 13, weeks 26, weeks 39, weeks 52",,liraglutide 1.2 mg
MSV000080620.txt,Human,,,,"colorectal enterocytes, colorectal tissue",tissue,formalin-fixed and paraffin-embedded clinical material,,,,,"adenoma, cancer, normal tissue",Q Exactive mass spectrometer,data-dependent mode,electrosprayed,HCD,,normalized collision energies of 25,6 ppm,20 ppm,"label-free protein quantitation, LFQ","LysC, trypsin",,DTT,,"Carbamido-methylation of cysteine, N-terminal acetylation, oxidation of methionine",,,,"C18 reverse-phase column (20 cm long, 75 μm inner diameter, in-house packed with ReproSil-Pur C18-AQ 1.8 μm resin (Dr. Maisch, Ammerbuch-Entringen, Germany))",SAX,,"4, 2",,,250 nL/min,"195 min, 10 min",two,,,,"A1, A2, C1, N1, A3, A4, C2, N2, A5, A6",,"Colorectal cancer, adenoma",,,enterocytes,,,,,colorectal,colorectal,,grade 2 or 3,,,colorectal,"normal tissue, adenoma, cancer",,,
MSV000080640.txt,human,,,,"dermal fibroblasts, mesenchymal stem cells",cells,,,,,,"IL-1β, dexamethasone","Q Exactive orbitrap mass spectrometer (Thermo Fisher Scientific), Q Exactive orbitrap, Agilent 6490 triple quadrupole mass spectrometer","multiple reaction monitoring, MRM","HESI, nanospray ion source","higher-energy collisional dissociation, HCD",orbitrap,30% normalized collision energy,,,"Label-free quantification, label-free",trypsin,,dithiothreitol,,,,synthetic standard peptides,,"nano-HPLC system (Dionex Ultimate 3000), 2 cm × 75 μm C18 Pepmap100 precolumn (Thermo Fisher Scientific), 50 cm × 75 μm Pepmap100 analytical column (Thermo Fisher Scientific), nano-chip-LC Agilent Infinity series HPLC1290 system",,,,,,"10 μL/min, 300 nL/min","95 min, 235 min, 20 min",,"technical duplicates, technical triplicate","3, 5",,,,chronic inflammation,"IL-1β, dexamethasone",,"Normal human dermal fibroblasts (NHDF), human mesenchymal stem cells (hMSC)","cytoplasmic, nuclear",,"24 h at 37 °C and 5% CO2, 24 h",,,,,,,,,"10 ng/mL, 100 ng/mL, 24 h","24 h, 1 h, 23 h, 6 h",37 °C,"IL-1β 10 ng/mL, dexamethasone 100 ng/mL"
MSV000080643.txt,Homo sapiens,Udorn/72,,,,cells,"extracellular vesicle, EVs",,,,,"untreated, influenza A (H3N2) strain Udorn/72 infection","quadrupole Orbitrap mass spectrometer (QExactive, Thermo Fisher Scientific, USA)",Data-dependent acquisition,positive ion mode,higher energy collisional dissociation,,normalized collision energy of 27,10 ppm,20 mmu,,trypsin,iodoacetamide,dithiotreitol,,"carbamidomethyl (C), oxidation (M), deamidation (N, Q)",,,silver-stained,"automated nanoflow capillary LC–MS/MS, EASY nanoLC 1000, Aclaim Pepmap 100 (75 μm × 2 cm, nanoViper, C18, 3 μm, 100 Å, Proxeon, Thermo Fisher Scientific, USA), 75 μm × 15 cm Acclaim PepMap100 C18 column (Dionex, Thermo Fisher Scientific, USA)",SDS-PAGE,,five to six pieces,ultracentrifugation,,300 nL/min,"90 min, 3 h",2,,2,,,,Influenza A viruses (IAVs),,,human macrophages,extracellular vesicle (EV),,"9 h postinfection, 9 h",,,,,,,,,"untreated, IAV-infected, 9 h",9 h,37 °C,influenza A (H3N2) strain Udorn/72 2.56 hemagglutination unit/mL
MSV000080685.txt,human,,,,lung,tissue,,,,,,lung squamous cell carcinomas,"QExactive Plus, Thermo","data dependent acquisition, DDA, data independent acquisition, DIA",electrospray,,,"normalized collision energy set to 28, normalized collision energy value was set to 30","10 ppm, 15 ppm",0.05 Da,"label-free quantification, LF, TMT 6-plex, TMT",trypsin,iodoacetamide,DTT,,"carbamidomethylation (cysteine), oxidation (methionine), pyroglutamic acid (glutamic acid)","standard peptide retention time calibrator mixture (PRTC, Pierce #88320)",,,"RSLC, C18, 75 μm ID×50 cm, 2 μm, 100Å, Dionex, Sunnyvale, CA","basic pH reversed phase HPLC, bRPLC",,Twelve concatenated fractions,,,"0.2 ml/min, 300 nl/min","9 minutes, 4 minutes, 50 minutes, 5.5 minutes, 13 min, 8.5 minutes, 90-minute gradient, 8 minutes, 60 minutes, 7 minutes, 5 minutes, 1 minute, 10 minutes","no limitation on missed cleavages, Two missed tryptic cleavages",,8,4 frozen lung squamous cell carcinomas and 4 adjacent tissues,,,lung squamous cell carcinomas,,,,,,,,lung,,,,,,lung,"frozen lung squamous cell carcinomas, adjacent tissues",,,
MSV000080688.txt,Homo sapiens,,,,"late endosomes/lysosomes, plasma membrane","cells, cell line",,,,"wild-type, NPC1 deficient",NPC1-KO,,"Q Exactive mass spectrometer (Thermo Fisher Scientific), Q Exactive mass spectrometer (Thermo Fisher Scientific), Q Exactive HF mass spectrometer (Thermo Fisher Scientific)",data-dependent,"electrospray ion source, positive ionization mode",HCD,,32% Normalized Collision Energy,"10 ppm, 4.5","20 mmu, 20 ppm",MaxLFQ,"trypsin, EndoLys-C",IAA,DTT,,"methionine oxidation, pyro-glutamate formation of amino terminal glutamine, acetylation of the protein N-terminus, Carbamidomethylation of cysteine residues, oxidation of methionine residues (to sulfoxides), acetylation of protein N-termini",,,SimplyBlueTM SafeStain,"Ultimate 3000 RSLC nano LC, analytical column (made in-house, 75 μm I.D. ×150 mm, 5 μm beads C18 Reprosil-HD, Dr. Maisch), analytical column (made in-house, 75 μm I.D. ×400 mm, 3 μm beads C18 Reprosil-HD, Dr. Maisch)",SDS-PAGE on a 4–12% gradient Bis-Tris pre-cast gel,,16 equally sized slices,"magnetic isolation, magnetic labeling",,"300 nL/min, 250 nL/min","130 min, 150 min","1, two",,,,,,"Niemann-Pick disease type C1, NPC1 deficiency",,"human cervical cancer cells (HeLa), NPC1-KO HeLa cells, WT HeLa cells",,"late endosomes/lysosomes, plasma membrane, lysosomes, LE/LYS, PM",,"chase 4 h, chase 15 h",,,,,,,,,"WT, NPC1-KO, TCL, LE/LYS, PM","0 to 4 h, 15 h",37 °C,"aminolipid-coated SPIONs 2 mg/ml, carboxylipid-coated SPIONs 2 mg/ml, methoxylipid-coated SPIONs 2 mg/ml, DMSA-coated SPIONs 200 μg/ml"
MSV000080689.txt,Homo sapiens,,,,,cell line,,,,,,,Q Exactive mass spectrometer (Thermo Scientific),data-dependent acquisition mode,,,,normalized collision energy of 27,10 ppm,0.02 Da,,trypsin,IAA,DTT,,"carbamidomethylation of Cys, oxidation of Met, phosphorylation of Ser/Thr/Tyr",,,,"nano RSLC HPLC system, trap column (C18, 100 μm x 2 cm PepMap RSLC, Thermo Scientific), 50 cm main column (C18, 75 μm x 50 cm PepMap RSLC, Thermo Scientific)",,,,,,"10 µL/min, 250 µL/min",40 min,2,,,single run,,,,,"HeLa S3 cells (DSMZ, Braunschweig, Germany)",,lysate,,,,,,,,,,,,,,
MSV000080691.txt,human,,,,,"cells, cell line",,,,,"N-terminally HA-tagged EGFR, RAB5-GFP, RAB11-GFP, GFP-tagged human RAB7 (GFPRAB7a), RAB7-Y183F","EGF, TGF-α","Q Exactive, LTQ-Orbitrap Velos, Q-Exactive Plus",data-dependent acquisition mode,nanoelectrospray ion source,,,,,,SILAC,trypsin,N-ethylmaleimide,,,"ubiquitylated, phosphorylated tyrosine, phosphorylated serine, phosphorylated threonine",,,,"EASY-nLC system, 15 cm analytical column (75 μm inner-diameter) in-house packed with 1.9 μm reversed-phase C18 beads (Reprosil-Pur AQ, Dr. Maisch)",microcolumn-based strong cation exchange (SCX) chromatography,,,"ubiquitylated peptides were enriched, phosphorylated tyrosine peptide enrichment, enriched for phosphorylated serine and threonine-containing peptides, titansphere chromatography, immunoprecipitated proteins","EGFR, RAB7, RAB7-Y183F, GRB2",,"80 min, 135 min",,,2,,,,,,"HeLa cells, breast adenocarcinoma cells MDA-MB231, lung adenocarcinoma A549 cells, Ovarian cancer cell line HeyA8",,cytoplasmic/plasma membrane,,"1 min upon stimulation, 1-40 min, 90 min stimulation",,,,,,,,,"EGF, TGF-α, 1 min, 1-40 min, 90 min","1 min, 1-40 min, 90 min",37°C,"EGF 100 ng/mL, TGF-α 100 ng/mL"
MSV000080692.txt,human,,69-year-old,male,brain tissue,tissue,,,,,,"subarachnoid hemorrhage, dementia","Q-Exactive apparatus (Thermo Fisher, MA)",,"EASY nanospray source, electrospray",HCD,,normalized collision energy was set to 28,"5.1 ppm, 20 ppm, 4.5 ppm","0.02 Da, 20 ppm",label-free quantitation (LFQ),sequencing-grade modified trypsin,iodoacetamide,dithiothreitol,,"Carbamidomethylation, oxidation, deamidation",,,,"Dionex Ultimate 3000 RSLC nanoLC system, acclaim peptide trap column, Dionex EASY-spray column (PepMap® C18, 3um, 100A)",ERLIC separation on an amine-column,,26 separate fractions,"ultracentrifugation-electrostatic repulsion hydrophilic interaction chromatography (UC-ERLIC), ultracentrifugation",,300 nl/min,60 min gradient,Two,,,,,pooled,"subarachnoid hemorrhage, dementia",,,,"soluble, aggregated amyloidal plaque",,,,,brain,,,,,,"10, RT (22 °C), 37 °C, day 1, day 3, day 7","day 1, day 3, day 7","10, RT (22 °C), 37 °C","ammonium acetate buffer (AAB, 50 mM, pH 6.0), triethylammonium bicarbonate (TEAB, 50 mM, pH8.5), ammonium bicarbonate buffer (ABB, 50 mM, pH 8.0)"
MSV000080694.txt,Homo sapiens,,,,,cells,,,quiescent,"wild-type, autophagy-deficient","ATG5 −/ −, ATG7 −/ −",,Orbitrap Fusion Tribrid mass spectrometer,data-dependent product ion mode,,"high-energy collision dissociation, HCD",Orbitrap (OT),normalized collision energy was 35%,±10 ppm,,"stable isotope labeling with amino acids in cell culture (SILAC), SILAC",trypsin,iodoacetamide,"Tris (2-carboxyethyl) phosphine, TCEP",,,,,,"nano liquid chromatography (LC) column, Eksigent (Δublin) ekspert nano-LC 425 system, reversed-phase trap (300 mm inner diameter [ID] × 0.5 cm, packed with Zorbax5-mm C18 material), nano-LC column (75 mm ID × 100 cm, packed with 3-μm particles)","high-pH fractionation, Pierce High pH Reversed-Phase Peptide Fractionation Kit",,Eight,,,"10 μmL/min, 250 μml/min","3 hr shallow gradient, 3% B for 3 min, 3%–6% B for 5 min, 6%–28% B for 125min, 28%–50% B for 10 min, 50%–97% Bfor 1 min, isocraticat97% B for 18 min, equilibrated with 3% B for 18 min",,,,,,,,,HEK293FT,"primary human fibroblasts, HCA2-hTertcells",,quiescent,"0, 2, 4 and 6 days of labeling",,,,,,,,,"WT, WT +vector, ATG5 −/ −, ATG7 −/ −, 0, 2, 4, 6","0, 2, 4, 6 days",,
MSV000080695.txt,Homo sapiens,,,,,"cells, cell line",,,,,"FIH-V5, FLAG-OTUB1, FLAG-HA-OTUB1, FIH H199A, FLAG-OTUB1 N22A, shOTUB1",nutrient starvation,Q-Exactive mass spectrometer (Thermo Scientific),,,,,,,,,,,,,hydroxylation/oxidation,,"Human HIF1 N803: DESGLPQLTSYDCEVNAPI, Murine Notch N2012: VEGMLEDLINSHADVNAVDD, Human OTUB1 N22: QQQKQEPLGSDSEGVNCLAYDEAIMAQQDRIQQE, Human OTUB1 N22A: QQQKQEPLGSDSEGVACLAYDEAIMAQQDRIQQE",,,,,,Immunoprecipitation,"OTUB1, OTUB1 WT, OTUB1 N22A",,,,two,3,,,,,,Human embryonic kidney cells (HEK293),,,,"8 h prior to nutrient starvation, nutrient starvation (8 h) followed by re-stimulation with nutrient rich media for one additional hour",,,,,,,,,"empty vector, FLAG-OTUB1 WT, N22A, nutrient starvation, re-stimulation with nutrient rich media","8 h, one additional hour",,FIH-V5
MSV000080700.txt,Homo sapiens,,,,,"cell line, cells",,,,,"FLAG affinity purification, PKCγ M501I, PKD1 D665N",,,,,,,,,,,,,,,phosphorylation,,,,,,,,FLAG affinity purification,"Kinases, mutants",,,,,,,,,ovarian cancer,,HEK293T,,,,,,,,,,,,,"PKCγ M501I, PKD1 D665N",,,"PKCγ M501I, PKD1 D665N"
MSV000080701.txt,human,,,,,cell line,,,mitotic phase,,,"100 ng/ml EGF, 1 mM pervanadate, 50 ng/ml calyculin A",Q Exactive instrument (Thermo Fisher Scientific),data-dependent mode,nano-electrospray source,HCD,Orbitrap analyzer,normalized collision energy of 25%,,,label-free quantitation,trypsin,carbamidomethylation,,,"N-acetylation of protein, oxidation of methionine, phosphorylation of Ser, Thr, Tyr residue (STY)",,,,"50 cm reversed phase column (75 μm inner diameter, packed in-house with ReproSil-Pur C18-AQ 1.9 μm resin [Dr. Maisch GmbH]), Proxeon Ultra EASY-nLC system",strong cation exchange (SCX) chromatography,,,"TiO2 beads, immunoprecipitation with a mix of anti-P-Tyr antibodies",,,120 or 240 min gradient,two,,,,,,cancer,"100 ng/ml EGF, 1 mM pervanadate and 50 ng/ml calyculin A",HeLa S3,,,,5 or 15 min,,,,,,,,,"mitosis, growth factor signaling, 5 min, 15 min","5 min, 15 min",37°C,"EGF 100 ng/ml, pervanadate 1 mM, calyculin A 50 ng/ml"
MSV000080702.txt,human,,,,,cell line,,,,,,,Orbitrap Q Exactive mass spectrometer (Thermo Scientific),"data-dependent acquisition, top-20 method",,higher-energy collisional dissociation,,25 V of normalized collisional energy,"±20 ppm, 10 ppm, 6 ppm","±20 ppm, 20 mmu, 20 ppm",,trypsin,iodoacetamide,DTT,,"carbamidomethylation of C, oxidation of M, acetylation of protein N terminus",,,,"Thermo Scientific EASY-Spray columns (PepMap® RSLC, C18, 100 Å, 2 μm bead packed 50 cm column), Easy-nLC 1000 pump (Proxeon Biosystems, Odense, Denmark, now part of Thermo Fisher Scientific)",,,,,,250 nL/min,"150 min, 12 min, 88 min, 15 min, 15 min, 8 min, 2 min, 10 min",3,,3,Three,,,,,HeLa cell line,,,,,,,,,,,,,,,,
MSV000080703.txt,,,,,,,,,,,,,,,,,,,,,,,,,,,,,,,,,,,,,,,,,,,,"transient antenatal Bartter’s syndrome, idiopathic polyhydramnios",,,,,,,,,,,,,,,,,,
MSV000080704.txt,human,,,,,cell line,,,,,GFP-DONSON,"asynchronous, S-phase accumulated, 24 h treatment with 2 mM HU",,"Label free quantification, LFQ",,,,,,,Label free quantification (LFQ),,,,,"M(ox), protein N-terminal acetylation, carbamylation",,,,,,,,"GFP-trap magnetic agarose beads, iPOND","GFP-DONSON, DONSON",,,,,3,,,,,,HeLa-Flp-In T-REx,,,,24 h treatment with 2 mM HU,,,,,,,,,"asynchronous, S-phase accumulated",24 h,,2 mM HU
MSV000080709.txt,"human, mouse, zebrafish, Drosophila melanogaster, C. elegans",,,,"brain tissue, liver","cells, tissue",,,,,,,,,,,,,,,,,,,,"deamidation, methylation",,synthetic peptides,,,,,,,,,,,,,,,pooled,,,"HEK293, HeLa, K562, HepG2, MCF-10A, MDA-MB, MCF7, WI38, C2C12, NIH3T3","myoblasts, myotubes",,,,,,,,,,,,,,,
MSV000080712.txt,Human,,,,,"cells, cell line",,,,,,,Q-Exactive Orbitrap mass spectrometer (Thermo Fisher Scientific),data-dependent acquisition,Nanoflow Easy-Spray,high-energy collision dissociation,,normalized energy set at 25%,10 ppm,0.01 Da,,trypsin,"iodoacetamide, IAA",DTT,,"Carbamidomethylation of cysteine residues, oxidation of methionine, acetylation of the N-terminus of proteins",,,,"Ultimate 3000 system equipped with RSLC Nano pump and an autosampler, EASY-Spray PepMap RSLC C18 column (500 mm × 75 μm, 2 μm particle size, 100 Å pore size; Dionex)","RP chromatography prefractionation, Phenomenex Gemini C18 column (Phenomenex Inc., Torrance, CA, USA), average pore size 110 Å, particle size 5 μm, length 250 mm, and internal column diameter 2 mm",,ten fractions,"Acclaim C18 PepMap microprecolumn (300 μm id × 5 mm, 5 μm particle size, 100 Å pore size; Dionex)",,"0.3 mL/min, 0.3 μL/min, 8 μL/min","1 min, 25 min, 5 min, 19 min, 133 min, 28 min, 12 min, 25 min, 3 min, 4 min, 28 min, 5 min, 10 min, 5 min, 30 min, 65 min",two,three,2,,,,,,"Human Embryonic Kidney 293 (HEK-293), HEK-293 cells",,,,,,,,,,,,,,,,
MSV000080713.txt,Homo sapiens,,,,,"cells, cell line",,,,,"hAha1-Y223E-FLAG, hAha1-Y223F-FLAG",,,LC-MS/MS,,,,,,,isotopically labeled,trypsin,,,,,,,,LC-MS/MS,,,,purified,"hAha1-Y223E, hAha1-Y223F",,,,,3,,,,,,293T cells,,,,,,,,,,,,,"hAha1-Y223E-FLAG, hAha1-Y223F-FLAG",,,"hAha1-Y223E-FLAG, hAha1-Y223F-FLAG"
MSV000080714.txt,Homo sapiens,,,,,"cells, cell line",,,,,"stably expressing wild-type His10-SUMO-2, stably expressing lysine-deficient His10-SUMO-2 (AllKR-Q87R mutant)","mock treated, incubated at 43 °C for 1 h, heat shock",Q-Exactive (Thermo),data-dependent acquisition,,Higher-Collisional Dissociation,,"25%, 30%",6 p.p.m.,20 p.p.m.,"SILAC, medium SILAC, heavy SILAC","Lys-C, Trypsin, Sequencing Grade Modified Trypsin",Chloroacetamide,"$eta$-mercaptoethanol, $eta$-ME, DTT",,"SUMOylation, acetylation, SNHSA, SNHSSSB, Protein N-terminal acetylation, methionine oxidation, peptide N-terminal carbamylation",,,,"nanoscale LC-MS/MS, EASY-nLC system (Proxeon), reversed-phase C18 column packed in-house",,,,"Ni-NTA beads (Qiagen), Neutravidin beads (Thermo)","His10-SUMO-2, His10-SUMO-2-K0-Q87R",250 nl min −1,"2 h, 4 h",five,,,,,,,heat shock,HeLa cells,,,,incubated at 43 °C for 1 h,,,,,,,,,"mock treated, 43 °C, 1 h",1 h,43 °C,
MSV000080715.txt,human,,,,,cell line,,,,,,,"Q Exactive mass spectrometer (Thermo Fisher, Bremen, Germany)",single-shot LC-MS/MS label-free phosphoproteomics,,"HCD, higher-energy collision",orbitrap,25% normalized collision energy,4.5 ppm,20 ppm,"label-free, label-free quantification",trypsin,iodoacetamide,"dithiotreitol, DTT",,"Cysteine carboxamidomethylation, serine, threonine and tyrosine phosphorylation, methionine oxidation, N-terminal acetylation",,,,"Ultimate 3000 nanoLC-MS/MS system, 20 cm × 75 μm ID fused silica column custom packed with 3 μm 120 Å ReproSil Pur C18 aqua",,,,"TiOx-based phosphopeptide enrichment, TiO2 beads based using aliphatic hydroxy-acid modified metal oxide chromatography",,"6 μl/min, 300 nl/min",90 min,two,,3,8,,,colorectal cancer (CRC),,"HT29, CaCo2, HCT116, RKO, SW480, SW1398, Colo205, DLD1",,,,,,,,,,,,,"CRC prognostic subtypes, CCS3 poor prognosis subtype",,,
MSV000080717.txt,Homo sapiens,,,,,cells,,,,,,"untreated, infected with IAV",Q Exactive ESI-quadrupole-orbitrap mass spectrometer,,ESI,,,,5 ppm,0.02 Da,,tryptic,Carbamidomethylation,,,"oxidation (M), phosphorylation (S, T, and Y), acetylation (protein N-terminal)",,,,EASY-nLC 1000 nanoflow LC,strong cation exchange fractionation,,,"phosphopeptide enrichment with IMAC, IMAC",,,,two,,2,two control and two IAV infected samples,,pooled,influenza A virus infected,,,primary human macrophages,,,6 h,,,,,,,,,"untreated, infected with IAV, 6 h",6 h,37 °C,influenza A virus
MSV000080719.txt,human,,,,"kidney tubule, artery, kidney, aorta",tissue,,,,,,,Orbitrap nano-ESI Q-Exactive mass spectrometer (Thermo Scientific),"parallel reaction monitoring, PRM, data-dependent acquisition",positive ion electrospray ionization,high-energy collisional dissociation,,normalized collision energy of 25,2Th,0.8 Da,,trypsin,,,,"carbamidomethyl, methionine oxidation",,,Coomassie blue stain,"nanoLC (Dionex Ultimate 3000 UHPLC), Rapid Separation Liquid Chromatography, 75 μm × 50 cm nanoViper C18 3 μm 100 column (Acclaim, PepMap)","SDS-PAGE, gel band between 75 and 150 kDa was resected",,,,,"4 μL/min, 350 nL/min","60-min gradient, 0–5 min, 5–45 min, 45.1 to 50 min, 50.1 to 60 min",two,,,,,,,,HepG2; Sigma,"Human Epidermal Keratinocyte, Human Prostate Epithelial Cell, Human Mammary Epithelial Cell, Human Renal Proximal Tubular Epithelial Cell, Human Neuron, Human aortic smooth muscle cells (HA-SMCs)",,,,,,,,,,,,"Human Epidermal Keratinocyte Lysate-adult, Human Prostate Epithelial Cell Lysate, Human Mammary Epithelial Cell Lysate, Human Renal Proximal Tubular Epithelial Cell Lysate, Human Neuron Lysate, Human hepatocytes, Human aortic smooth muscle cells, Human parathyroid whole cell lysate, kidney tubule, artery",,,
MSV000080723.txt,Homo sapiens,,,,,"cells, cell line",,,,,"FUIGW-ZNF521, FUIGW-ZNF521 ΔNBD, p3xFlag-CMV-7.1 expressing the first 1–15, 1–20 zinc fingers and the last 24–30 zinc fingers for ZNF521, Zfp423 Myc-DDK-tagged clone in pCMV6 entry, pFlag-CS2-OAZ, pFlag-CS2-OAZ-ZNF-1–13, GFP-ZNF521 fusion protein","dithiobis[succinimidyl propionate], DSP","quadrupole-orbitrap mass spectrometer Q-Exactive (Thermo Fisher Scientific, Bremen, Germany)",Data-dependent acquisition,nanoelectrospray (nESI),HCD,,normalized collision energy of 25%,1.6 m/z,0.02 Da,"18O labeling, label-free",trypsin,"iodoacetamide, IAA","dithiothreitol, DTT",,"carbamidomethyl cysteine, oxidized methionine, C-terminal 18O labeling",,,EZ Blue Gel Staining Reagent,"Easy LC 1000 nanoscale liquid chromatography (nanoLC) system, pulled fused silica capillary, 75 μm i.d., in-house packed to a length of 10 cm with 3 μm C18 silica particles",strong cation exchange (SCX) StageTips,,four SCX fractions,"immunoprecipitation, coimmunoprecipitation","ZNF521, ZNF521 ΔNBD","500 nL/min, 300 nL/min","70 min, 5 min",1,,2,,,,,,"HEK293T, DAOY, K562",,,,harvested for immunoprecipitation after 48 h,,,,,,,,,"0.05, 0.25, 1 mM, 5, 15, 30 min, ZNF521, ZNF521-ΔNBD",,37 °C,"dithiobis (succinimidyl propionate) DSP 0.05, dithiobis (succinimidyl propionate) DSP 0.25, dithiobis (succinimidyl propionate) DSP 1 mM"
MSV000080730.txt,Homo sapiens,,,,"cytoplasmic, nuclear","cells, cell line",,,,,,"KP46, KP772, KP1339, KP1537, As2O3","QExactive orbitrap mass spectrometer (Thermo Scientific, Austria)",top 8,,,,,"50 ppm, 25 ppm",20 ppm,label-free quantification,trypsin/lys-c mixture,iodacetamide,"DTT, dithiothreitol",,,,synthetic peptides,,"nanoLC-system (Dionex Ultimate 3000, Thermo Scientific, Austria), 75 μm×50 cm C-18 separation column (Dionex, Acclaim PepMap RSCL)",Cells were fractionated into cytoplasmic and nuclear extract,"cytoplasmic, nuclear",,,,,90 min,,twice,3,,,,colon carcinoma,"arsenic trioxide, KP46, KP772, KP1339, KP1537, As2O3","HCT116, SW480",,"cytoplasmic, nuclear",,24 h,,,,,,,,,"SW480, HCT116, KP46 1 μm, KP772 5 μm, KP1339 80 μm, KP1537 0.5 μm, As2O3 5 μm",24 h,,"KP46 1 μm, KP772 5 μm, KP1339 80 μm, KP1537 0.5 μm, As2O3 5 μm"
MSV000080731.txt,Human,,20–25 years old,,"bone marrow, adipose",cells,,,,,,,Thermo Fisher LTQ,data-dependent collision-induced dissociation (CID),electrospray ionization,collision-induced dissociation (CID),,,,,,trypsin,,,,Methionine oxidation,,,Coomassie blue staining,"capillary HPLC-electrospray ionization tandem mass spectrometry, HPLC-ESI-MS/MS, On-line HPLC separation, Eksigent NanoLC micro HPLC","standard (one-dimension) SDS-PAGE, discrete serial sections of each lane of the gel",,,,,,,,,4,,,pooled,,,,"BM-derived MSCs, BM-MSCs, AD-MSCs, BM- or AD-derived stromal cells",,,,,,,,,,,,"BM-ECM, AD-ECM",,,
MSV000080735.txt,Homo sapiens,,,,,"cells, cell line",,,,,,,"AB Sciex 5800 MALDI-TOF/TOF mass spectrometer, Q Exactive mass spectrometer","data dependent acquisition, DDA",linear positive ion mode,stepped HCD fragmentation,Orbitrap,normalize collision energy (NEC) of 30% with a step of 10%,,,,trypsin,"iodoacetamide, IAA","dithiothreitol, DTT",,"phosphorylation of serine (S), threonine (T) and tyrosine (Y), oxidation of methionine (M), carbamidomethylation of cysteine (C)",,,,"15 cm × 75 μm I.D. C18 column (C18 AQ, Sunchrom, 5 μm, 120 Å)",,,,"phosphate ion pre-coordinated affinity materials, Ti4+-IMAC adsorbents, TiO2 adsorbents",,300 nL/min,90 min,3,,,,,,,,HepG2,,,,,,,,,,,,,"orthophosphate, β-glycerophosphate, pyrophosphate, Ti4+-IMAC, TiO2",,37 °C,
MSV000080740.txt,Human,,"median age 35 years old, median age 62, median age 63, median age 61, median age 36, median age 30, median age 28","men, women","sweat, cervico-vaginal fluid, seminal plasma, blood serum",biofluid,,different ethnic background,nonpregnant,"biopsy-confirmed prostate cancer, negative biopsy outcome",,,"Q ExactiveTM Plus Hybrid Quadrupole-OrbitrapTM Mass Spectrometer (Thermo Scientific), TSQ QuantivaTM triple quadrupole mass spectrometer (Thermo Scientific), QTRAP 6500 quadrupole-ion trap mass spectrometer (AB Sciex, Concord, ON, Canada)","Shotgun, PRM, SRM, data-dependent MS2 scans, immunoenrichment-SRM",nanoelectrospray ionization source,collision induced dissociation (CID),orbitrap,"normalized collision energy of 27, normalized collision energy was set to 23",7 ppm,0.02 Da,,"modified trypsin, trypsin",iodoacetamide,dithiothreitol,,"oxidation of methionine and tryptophan, N-terminal peptide acetylation, cysteine carbamidomethylation, glutamine and asparagine deamidation, N-terminal protein acetylation, pyro-carbamidomethyl","heavy isotope-labeled peptides, heavy isotope-labeled peptide internal standards","Heavy isotope-labeled synthetic peptides, Quantified & Stable Isotope Labeled Peptides (SpikeTidesTM_TQL)",,"C18 (5 μm) trap precolumn (i.d. 200 μm), 15 cm long C18 (3 μm) analytical column (i.d. 75 μm) with a 8 μm tip, C18 analytical column",,,,immunoenrichment-SRM,KLK4,"8 μml/min, 350 nL/min","22 min, 1% to 14% of buffer B for 1 min, 14% to 40% for 11 min, 40% to 65% for 2 min, 65% to 100% for 1 min, 100% for 7 min",1,two,"10, 21, 20, 36, 22, 3, 5, 10","10 SP samples, 21 SPs, 20 SPs, 36 men, 22 men, 3 healthy men, Five cervico-vaginal fluid (CVF) samples, Ten sweat (SW) samples",,pooled,"prostate cancer, negative biopsy",,HEK293,,,,,,,prostate,,,,,,"biopsy-confirmed prostate cancer, negative biopsy, healthy men, nonpregnant women",,,
MSV000080741.txt,human,,,,,"cells, cell line",,,,,"polyhistidine (6His)-tagged SUMO2 with Thr 90 mutated to Lys, 6His-SUMO2 T90K",heat shock at 43 °C,Q Exactive mass spectrometer (Thermo Scientific),data dependent,EASY-Spray ion source (Thermo Scientific),,,,,0.5 Da,,"Lys-C, endoproteinase Glu-C, trypsinized",chloroacetamide,β-mercaptoethanol,,"sumoylated, Carbamidomethylation of Cys, oxidation of Met, acetylation of protein N-termini, phosphorylation of Ser, Thr, and Tyr, diGly adduction to Lys",,,,"EASY-nLC 1000 liquid chromatography system, 75 μm × 500 mm EASY-Spray column",protein electrophoresis,,nine slices,"Nickel affinity purification, Enrichment of diGly-Lys containing peptides with anti-KεGG","6His-SUMO2 T90K, SUMO2",250 nl/min,"90 minutes to 150 minutes, 115 minute fractionation","three, five",,,,,,,,HEK293 N3S,,,,,,,,,,,,,"heat shock, 43 °C",30 minutes,43 °C,
MSV000080742.txt,Homo sapiens,,,,,"cells, tissue",,,,,,EGF-stimulated,Thermo Scientific Q Exactive benchtop Quadrupole-Orbitrap mass spectrometer,,,,,NCE of 25,20 ppm,0.5 Da,"SILAC, iTRAQ, TMT","Lys-C, trypsin",iodoacetamide,DTT,,"Carbamidomethylation of cysteine, N-acetylation, oxidized methionine",UPS1,,,"reverse-phase chromatography on Thermo Scientific Easy-Spray column (PepMap® RSLC, C18, 2mm, 100Å, 75 mm × 50 cm), Thermo Scientific nanoflow HPLC system (Easy-nLC 1000)",,,,,,200 nL/min,"190 min gradient, 180 min, 10 min",two,,,,,,lung cancer,,"HCT116, HeLa",,,,,,,,,,,,,"100 fmol, 300 fmol, 600 fmol",,37° C,"UPS1 100 fmol, UPS1 300 fmol, UPS1 600 fmol, EGF"
MSV000080743.txt,E. coli,,,,,cells,,,,,"full-length SPRTN-WT, SPRTN-E112A, SPRTN-Y117C, Z-basic-his tag",,LC/ESI-TOF mass spectrometry,,ESI,,,,,,,His-tagged TEV protease,,,,,,,,,,,,"Ni-sepharose IMAC gravity flow column, HiTrap SP HP column","full-length SPRTN-WT, SPRTN-E112A, SPRTN-Y117C",,,,,,,,,Ruijs-Aalfs syndrome (RJALS),,LCLs,,,,,,,,,,,,,,,,
MSV000080744.txt,human,,,,,cell line,,,,,,"cisplatin, docetaxel","Q Exactive mass spectrometer (Thermo Scientific, USA)","data dependent acquisition, DDA",nanospray ESI,HCD fragmentation,,normalized collision energy 30,20 ppm,0.02 Da,Label free quantification (LFQ),trypsin,,,,"deamidation of asparagine/glutamine, oxidation of methionine, N-terminal acetylation, dimethylation of lysine/arginine",,,,"EASY-nLC 1000 UPLC system, Acclaim PepMap100 C-18 trap column (75 μm i.d. 2 cm, C18, 3 μm, 100 Å, Thermo Scientific, USA), acclaim PepMap100 C-18 analytical column (75 μm i.d. 50 cm, 2 μm, 100 Å, Thermo Scientific, USA)",,,,"Multiplexed Inhibitor Bead (MIB) assay, modified MIB assay","Bisindolylmaleimide X, Purvalanol B, SB6-060-05",250 nL/min,"120 min multi-step gradient, 5 min 2%–6% B, 26 min 6%–12% B, 49 min 12%–20% B, 15 min 20%–28% B, 7 min 28% −4 0% B, 3 min 40%–100% B, 15 min at 100% B",two,three,,,,,"multiple myeloma, large cell lung cancer, non-small cell lung cancer, osteosarcoma","docetaxel, cisplatin","JJN-3, H460 (NCI-460), A549 (ATCC CCL-185), U2OS (ATCC HTB-96)",,,,24 h,,,,,,,,,"docetaxel, cisplatin",24 h,37 °C,"docetaxel 5 ng/mL, cisplatin 5 μM, cisplatin 0.5 μM"
MSV000080745.txt,human,,,,,cells,,,,,"Cbl-b 29-483, C373A Cbl-b 29-483",,Q Exactive Plus mass spectrometer (Thermo Scientific),data-dependent mode,nanospray source,,,normalized collision energy 27%,±5 ppm,± 0.03 Da,,tryptic,,,,"Beta-methylthiolation on cysteine, oxidation on methionine, acetylation on lysine, phosphorylation on serine, threonine and tyrosine, deamidation on asparagine and glutamine, ubiquitinylation on lysine",,,,"UltiMate 3000 HPLC RSLC nano system, PepMap C18, 5 mm × 300 μm ID, 5 μm particles, 100 Å pore size, PepMap C18, 500 mm × 75 μm ID, 2 μm, 100 Å",,,,,,"25 μL min -1, 230 nl min -1","165 min, 120min, 5min, 2min",2,,,,,,"fungal infections, fungal sepsis",,,"macrophages, dendritic cells, Neutrophils, Bone marrow monocytes, Splenic dendritic cells, BM-DC, BM-M",,,,,,,,,,,,,,,
MSV000080746.txt,Homo sapiens,,,,,"cells, cell line",,,,,"myc/FLAG-tagged CD99, untagged meprin β",,"5800 MALDI-time of flight (TOF) mass spectrometer (Sciex, Darmstadt, Germany), Orbitrap-Q Exactive Plus (Thermo Fisher Scientific)",,"matrix-assisted desorption/ionization, MALDI, electrospray ionization","postsource decay, collision-induced dissociation (CID), high-energy collision-induced dissociation (HCD)",,"1 kV, normalized collision energy of 25",±10 ppm,0.02 Da,,"chymotrypsin, trypsin",iodoacetamide,DTT,,"reductive dimethylation, dimethylation, carbamidomethylation",,SSGSFSDADLADGVSGGE,Coomassie blue,"Nano-UHPLC-MS, Acclaim PepMap 100 C-18 column (75 µm inner diameter × 500 mm, 2 µm, 100 Å; Thermo Fisher Scientific)","Reversed-phase (RP)-HPLC, SDS-PAGE (12% gel)",,,"immunoprecipitated, affinity chromatography",CD99,300 nl/min,"4–30 min, 30–35 min, 35–45 min, 45–60 min",,,,,,pooled,,,HeLa,,,,36–48 h after transfection,,,,,,,,,,,,recombinant meprin β 15 nM
MSV000080747.txt,Homo sapiens,,,,centrosomes,cell line,,,,,,"non treated, CK666-treated, transfected with siRNA against PCM1","Q-Exactive Plus, Thermo Scientific",online nanoLC-MS/MS,,,,,,,,modified trypsin,,,,,,,R-250 Coomassie blue,"online nanoLC-MS/MS, UltiMate 3000 RSLCnano",4-12% NuPAGE gel,,,"centrifugation onto a 60% sucrose cushion, centrifugation through a discontinuous (70%, 50% and 40%) sucrose gradient",centrosomes,,120-min gradient,,,2,,,,,,"Jurkat, HeLa",,centrosomes,,,,,,,,,,,"non treated, CK666-treated, transfected with siRNA against PCM1",,,"nocodazole 0.2 μM, cytochalasin D 1 μg/ml, CK666, siRNA against PCM1"
MSV000080749.txt,human,,,,serum,biofluid,,,,,,incubated at 37 °C,Q Exactive hybrid quadrupole-Orbitrap mass spectrometer,"SIM, Data dependent MS/MS",,"higher-energy collisional dissociation, HCD",,NCE was optimised for each peptide,10 ppm,0.1 Da,,"Trypsin Gold, trypsin","iodoacetamide, IAA","dithiothreitol, DTT",,oxidised methionine,purified human intact cTnT,synthesised cTnT peptides,Bio-Safe™ Coomassie,"UHPLC Dionex Ultimate 3000, Acclaim PepMap 100, 100 μm × 2 cm, C18, 5 μm, 100 A trap column, Acclaim PepMap RSLC, 75 μm × 15 cm, C18, 2 μm, 100 A analytical column",SDS-PAGE,"37 kDa, 29 kDa, 19, 18, and 16 kDa",,immunoprecipitation,cTnT,300 nL/min,"30 min, 1 min, 4 min",2,6,3,,,pooled,"ST-segment elevated myocardial infarction (STEMI), multiple myeloma, gallstone disease",,,,,,"0, 4, 8, 24, 32, and 48 h",,,,,,,,,"0 h, 4 h, 8 h, 24 h, 32 h, 48 h","0 h, 4 h, 8 h, 24 h, 32 h, 48 h",37 °C,purified human intact cTnT 1.5 mg/L
MSV000080750.txt,Homo sapiens,,,,,"cells, cell line",,,,,"Flag-His ISG15 ectopic expression, 3xFlag-6His-ISG15","type I interferon, interferon α2",Q Exactive mass spectrometer,"data-dependent mode, LC-MS/MS",NanoFlex source,CID,,normalized collision energy of 25%,4.5 ppm,20 ppm,SILAC,trypsin,chloroacetamide,"tris(2-carboxyethyl)phosphine, TCEP",,"GlyGly modification of lysine residues, oxidation of methionine residues, pyroglutamate formation of N-terminal glutamine residues, Carbamidomethyl formation of cysteine residues",,,,"Easy-nLC 1000 UHPLC system, reverse-phase column (made in-house, 75 μm I.D. × 300 mm, 1.9 μm beads C18 Reprosil-Pur, Dr Maisch GmbH, Germany)",,,,"nickel affinity purification, His-affinity purification",ISG15,250 nl/min,"130 min, 55 min",three,,,,,pooled,,,HeLa cells,,,,40 hr post-treatment,,,,,,,,,"interferon α2 1000 units per ml, 40 hr",40 hr,,interferon α2 1000 units per ml
MSV000080753.txt,Homo sapiens,,,,breast,tissue,,,,,,"LNM, non-LNM",Q Exactive,data-dependent MS/MS,electrospray-ionization,HCD,,normalized collision energy of 27 %,20 ppm,20 mmu,,"modified trypsin, trypsin",iodoacetamide,dithiothreitol,,"O-GlcNAc, Oxidation (Met), carbamidomethyl (Cys)",,,,"online nanoflow-liquid-chromatography, nano-LC column (75 μm I.D. × 10 cm, packed with Pepmap C18 sorbent)",,,,"chemo-enzymatically enriched, Click-iT enzymatic labeling, Immunoprecipitation of TAMRA-labeled O-GlcNAc proteins",,300 nL/min,"8 min, 50 min, 12 min, 3 min",two,,,53,,pooled,"invasive ductal breast carcinomas, IDCs",,,,cytosolic fraction,,,,breast,,,,,,breast,"LNM, non-LNM",,,
MSV000080754.txt,"Homo sapiens, Escherichia coli",BL21 pLys,,,,"cells, cell line",,,,,"Ubc9 fused to TTR, Ubc9 mut, K14,153,154R mutant of Ubc9, haemagglutinin tag, C-terminal histidine tag, rTTR fused with glutathione-S-transferase",,Q-Exactive MS instrument (Thermo Fisher Scientific),"data-dependent mode, targeted mode, tMS 2 mode",nanospray source,,Orbitrap mass analyser,,±10 ppm,±20 mmu,,"trypsin, Trypsin/Lys-C Mix","N-ethylmaleimide, iodoacetamide",DTT,,"carbamidomethylation (C), oxidation (M), GlyGly-tagged (K)",,,Coomassie blue R250,"C18 precolumn (AcclaimPepMap100, 2 cm x 75 μm inner diameter, C18, 3 μm, 100 Å), analytical column (AcclaimPepMapRLSC, 15 cm × 75 μm, C18, 2 μm, 100 Å)",SDS-PAGE,,,polyclonal anti-TTR antibodies,TTR,,60 min,2,,,,,,,,HEK293,,soluble proteins,,grown for 24 h,,,,,,,,,"Ubc9 fused to TTR, non-fused TTR",24 h,,"Ubc9 fused to TTR, non-fused TTR"
MSV000080755.txt,"Homo sapiens, Bos taurus, Escherichia coli","E. cloni 10G, BL21(DE3)",,,,"cells, cell line",,,,,"His–Bcnt, His–BCNT, His-variants, Ser 250 substitutions, His-tag peptide","nicotinamide, trichostatin A","Q Exactive mass spectrometer (Thermo Fisher Scientific), ultrafleXtreme TOF/TOF MS (Bruker Daltonics)","nano LC–MS/MS, MALDI–TOF MS",,LIFT mode,,,,,,"trypsin, endoproteinase Asp-N, Achromobacter protease I",,,,"pyro-Glu (N-term Q), Oxidation (M), Phospho (ST), Acetyl (K)",,,"Coomassie Brilliant Blue, Quick-CBB Plus",nano LC–MS/MS,SDS/PAGE,,,"Ni-NTA, Ni 2+ -nitrilotriacetate, anti-His antibody-linked beads, nickel-chelating affinity chromatography","His–Bcnt, His–BCNT",,,,,,,,,,,"HEK (human embryonic kidney)-293T, T-Rex293 (HEK-TR), G11 (HEK-TR clone which constitutively expresses His–BCNT)",,,,,,,,,,,,,"nicotinamide, trichostatin A",2 h,,"nicotinamide 4 mM, trichostatin A 50 nM"
MSV000080757.txt,Human,,,,breast tumours,"tissue, cells",FFPE tumour blocks,,,"oestrogen receptor positive (luminal), Her2 positive, triple negative",,,Q Exactive mass spectrometer (Thermo Scientific),top-10,nano-electrospray ion source,Higher energy collisional dissociation,,,6–20 p.p.m.,6–20 p.p.m.,"super-SILAC, 13 C 6 15 N 4 -arginine (Arg-10), l- 13 C 6 15 N 2 -lysine (Lys-8)",trypsin,iodoacetamide,DTT,,"methionine oxidation, N-terminal acetylation, carbamidomethyl cysteine",,,hematoxylin and eosin staining,"in-house made 30-cm-reverse phase columns (75 μm inner diameter, 1.8 μm ReproSil-Pur C18 beads), EASY-nLC nano high performance liquid chromatography system (Thermo Scientific)",strong anion exchange chromatography in a StageTip format,"pH: 3, 4, 5, 6, 8 and 11",six fractions,,,,200-min,,,40,40,,pooled,"breast cancer, breast tumours",,"HCC1599, MCF7, HCC1937, HCC2218, HMEC",Human mammary epithelial cells,,exponential growth,,,breast,,,,,,breast,"ERPR, Her2, TN",,,
MSV000080758.txt,Human,,,,,,,,,,,cross-linked by isotopically light (nonlabeled) and heavy (labeled) disuccinimidyl suberate (DSS-d0 and DSS-d12),,LC–MS/MS,,"higher-energy collisional dissociation, HCD",,,"15 ppm, 10 ppm",0.03 Da,"isotopically light (nonlabeled), heavy (labeled)",trypsin,,,,"carbamidomethylation of cysteine, oxidation of methionine",,,,LC–MS/MS,,,,,,,,,,,,,,,,,,,,,,,,,,,,,,,,"Human CaM, plectin-ABD isoform 1a"
MSV000080761.txt,human,,,,,"cells, cell line",,,,,,,Q-Exactive (quadrupole-orbitrap) mass spectrometer (Thermo Fisher Scientific),data-dependent MS/MS mode,,HCD,,stepped normalized collision energy (NCE) of 20%,"20 ppm, 6 ppm",0.5 Da,"SILAC, SILAC-SPROX",trypsin,"methyl methane thiosulfonate, MMTS","tris(2-carboxyethyl)phosphine hydrochloride, TCEP",,"oxidation of methionine, deamidation of Asparagine and Glutamine (N and Q), acetylation of the protein N-terminus, MMTS at cysteine",,,,"EASY-nLC 1000 system, Jupiter 4μm Proteo 90Å reversed phase resin, trapping column (100μm ID x 20 mm), analytical column (75μm ID x 150 mm)",,,,,,300 nl/min,"3 min, 120 min, 2 min, 9 min",2,,3,,,,breast cancer,,"MCF-10A, MCF-7, MDA-MB-231",,,,,,,,,,,,,"MCF-10A, MCF-7, MDA-MB-231",,37°C,
MSV000080762.txt,Homo sapiens,,,,,"cells, cell line",,,,,"miR-625-3p, scramble, FLAG-MAP2K6, FLAG-MAP2K6DN",oxPt,Q Exactive mass spectrometer (Thermo Scientific),data-dependent,,,,"normalized collision energy (NCE) 28, 25 NCE","2 m / z, 2.2 m / z",,SILAC,"LysC, trypsin",chloroacetamide,dithiothreitol,,"Carbamidomethylation of cysteine, oxidation of methionine, protein amino (N)-terminal acetylation, pyro-glutamate formation from glutamine, phosphorylation",,,,"in-house made 50 cm capillary column packed with 1.9 μm Reprosil-Pur C18 beads, EASY-nLC 1,000 system",denaturing Bis-Tris gel,,,TiO 2 beads,,250 nl min −1,"250 min, 15 min washout, 220 min, 30 min linear increase",,,3,,,,"colorectal cancers (CRC), mCRC",oxPt and 5-FU,"HCT116, HCT116.625, HCT116.ctrl, SW620, SW620.625, SW620.ctrl",,,,,,,,,,,,,"miR-625-3p, oxPt, 16 μM",,37 °C,"doxycycline hyclate 50 ng ml⁻¹, oxPt, oxPt 16 μM"
MSV000080763.txt,human,,,,saliva,biofluid,,,,,,"periodontitis, dental caries, orally healthy","Q Exactive HF instrument (Thermo Scientific, Bremen, Germany)","data-dependent acquisition mode, data dependent acquisition mode",electrospray source,"Higher-Collisional Dissociation, HCD",,Normalized collision energy was set at 28,,,,"LysC, trypsin, Lysyl Endoproteinase, Trypsin",Chloroacetamide,tris (2-carboxyethyl)phosphine,,,,,,"online nano-scale liquid chromatography tandem mass spectrometry (LC-MS/MS), in-house packed 50 cm capillary column with 1.9 μm Reprosil-Pur C 18 beads, EASY-nLC 1000 system (Thermo Scientific)",,,,"solid-phase extraction, desalted and concentrated on Waters Sep-Pak reversed-phase C 18 cartridges",,200 nl/min,"2 h, 110 min, 25 min, 5 min, 5 min, 5 min",,,30,30,,,"periodontitis, dental caries, orally healthy",,,,,,,,,,,,,,,"periodontitis, dental caries, orally healthy",,,
MSV000080764.txt,Homo sapiens,,,,,cells,,,,,GST-fusions,,Q Exactive mass spectrometer (Thermo Scientific),,,,,,,,Label-free quantitation (LFQ),,,,,,,,,Liquid chromatography,,,,"GST pull-downs, affinity purified","nvGW182, nvΔDNAJ, nvΔCED, nvΔCED1, nvΔCED2, nvΔCED3, nvΔCED4, nvCED, nvDNAJ",,,,,,,,,,,HEK293,,,,24 h post-transfection,,,,,,,,,GST-fusions,24 h post-transfection,,GST-fusions
MSV000080766.txt,Homo sapiens,,,,,"cells, cell line",,,,,"V5-FIH, V5-PHD3, FLAG-RIPK4, FLAG-MAPK6, HA-PHD3","DMOG, JNJ",,,,,,,,,LFQ,,,,,"N-terminal acetylation (protein), oxidation (M), oxidation (MWYFKPHDN)",,,,,,,,immunoprecipitated,"FIH, PHD3, RIPK4, MAPK6",,,,,3,,,,,,HEK293T,,,,"48 hr post-transfection, 4 hr with DMOG",,,,,,,,,"V5-FIH, empty vector, DMOG, V5-PHD3, FLAG-RIPK4, FLAG-MAPK6, HA-PHD3, JNJ","48 hr, 4 hr",,"V5-FIH, DMOG, V5-PHD3, FLAG-RIPK4, FLAG-MAPK6, HA-PHD3, JNJ"
MSV000080767.txt,Homo sapiens,,,,,cell line,,,,,,"unstimulated, IL-2, IL-15",Q Exactive mass spectrometer (Thermo Fisher Scientific),"full-scan MS, data-dependent MS/MS scans",nanoelectrospray source,higher energy C-trap dissociation,,normalized collision energy of 25 eV,7 ppm,,SILAC,trypsin,,,,"Carbamidomethyl (C), oxidation (M), acetyl (protein N-term), deamidation (NQ), phospho-STY (STY)",,,Colloidal Blue,"75 μm inner diameter and 20-cm long column packed in-house with ReproSil-Pur C18-AQ 3 μm resin, EASY-nLC 1000 ultra-high pressure system","NuPAGE 4–12% Bis-Tris Gel, cut into slices",,,"Immunoprecipitation of tyrosine-phosphorylated proteins, TiO2 enrichment",tyrosine-phosphorylated proteins,250 nL/min,140-min,two,,2,,,pooled,"T lymphoma, T-cell lymphoma","IL-2, IL-15","Kit225, Hut102",T cell,,,5 min,,,,,,,,,"unstimulated, IL-2, IL-15",5 min,37°C,"IL-2 200 U/mL, IL-15 200 U/mL, IL-2 5 × 103 U/mL, IL-15 5 × 103 U/mL"
MSV000080769.txt,human,,,,macrophages,cells,"extracellular vesicle (EV) fraction, rest-secretome (RS) fraction",,,,,"Ultrapure LPS, mock-transfected with Lipofectamine, Caspase-4 inhibitor (Z-YVAD-fmk,1 25 μm)","quadrupole Orbitrap mass spectrometer (QExactive, ThermoElectron, Bremen, Germany)",data-dependent acquisition,nanoelectrospray ion source (EasySpray/Thermo),high energy collision dissociation (HCD),,,"20 ppm, 4.5 ppm",,label-free quantitative proteomics,trypsin,Carbamidomethyl,,,"protein N-acetylation, methionine oxidation",,,silver-stained,"Easy nLC1000 nano-LC system, EasySpray column capillary of 25-cm bed length (C18, 2-μm beads, 100 Å, 75-μm inner diameter, Thermo)","size-exclusion centrifugation, SDS-PAGE","enriched extracellular vesicle (EV) fraction, rest-secretome (RS) fraction",two fractions,"size-exclusion filtration using Amicon 15-ml tubes with a 100-kDa cutoff, concentrated using Amicon 15-ml filters with a 10-kDa cutoff, STAGE-TIP method using a C18 resin disk (3 M Empore)",,300 nl/min,60 min,two,,3,,,,,"Ultrapure LPS, Caspase-4 inhibitor (Z-YVAD-fmk,1 25 μm)",,"human primary macrophages, monocytes","extracellular vesicle (EV) fraction, rest-secretome (RS) fraction",,,,,,,,,,,"Ultrapure LPS, Z-YVAD-fmk",,37 °C,"Ultrapure LPS, Z-YVAD-fmk,1 25 μm, GM-CSF 10 ng/ml"
MSV000080770.txt,Homo sapiens,,,,,cell line,,,,,,,"Q-Exactive Plus high-resolution mass spectrometer (Thermo Scientific, Inc.)","data-dependent acquisition, DDA",nano-electrospray ionization,,,normalized collision energy of 30 V,"20 ppm, 10 ppm",0.02 Da,"Stable Isotope Labeling with Amino Acids in Cell Culture, SILAC, heavy-labeled, light-labeled","proteinase K, trypsin","methylmethane thiosulfonate, MMTS","tris(2-carboxyethyl)phosphine hydrochloride, TCEP",,"fixed MMTS modification on cysteine, variable oxidation of methionine, deamidation of asparagine and glutamine, acetylation of the protein N-terminus",,,,"nanoAcquity UPLC system, Symmetry C18 300 mm × 180 μm trapping column, 75 μm × 250 mm column packed with 1.7 μm Acquity HSST3 C18 stationary phase",,,,,,"5 μL/min, 0.4 μL/min",90 min,up to two,triplicate,5,30 raw LC-MS/MS data files,,,breast cancer,,"MCF-10A, MCF-7","breast epithelial cell line, normal mammary epithelial cells",,,,,,,,,,,,"MCF-10A, MCF-7",,,
MSV000080771.txt,Homo sapiens,,,,,"cells, cell line",,,,,,double-thymidine block,Q Exactive Plus MS (Thermo Scientific),data dependent mode,EASY-spray ionization source,,,,,,"label free quantification, LFQ","endoprotease LysC, modified Trypsin","Iodoacetamide, IAA","dithiothreitol, DTT",,,,,,"EASY-nLC–1000 HPLC system, 50 cm long PepMap EASY-spray column",,,,,,,four-hour gradients,,,,,,,,,HeLa S3 cells,,,,"2, 8.5 and 14 hours after release from the second block",,,,,,,,,"2 h, 8.5 h, 14 h","2 h, 8.5 h, 14 h",,thymidine 2 mM
MSV000080772.txt,"Homo sapiens, Mus musculus",,,,,cells,,,,"wt, calnexin-knock-out, Canx −/−, Nox4 −/−","stably overexpressing NOX4, stably expressing NOX1, stably expressing NOX4",,"Thermo Scientific TM Q Exactive Plus, Thermo Scientific Orbitrap XL mass spectrometer",data-dependent Top10 acquisition,Nanospray Flex Ion Source,"high energy collision dissociation fragmentation, collision-induced dissociation",linear ion trap,42% collision energy,,,"SILAC, quantitative SILAC",trypsin,iodoacteamide,DTT,,"N terminus acetylation, oxidation of methionine, deamidation on asparagine and glutamine, carbamidomethylation",,,"Coomassie, Coomassie Blue","C18 reversed-phase precolumn (Zorbax 300SB-C18, Agilent Technologies), in-house packed 2.2-μm Reprosil Gold C18 resin (Dr. Maisch GmbH) picotip emitter tip, in-house packed 3-μm Reprosil C18 resin (Dr. Maisch GmbH) picotip emitter tip","blue native-polyacrylamide gel electrophoresis (BN-PAGE), complexome profiling",,"40 equal fractions, 8 slices","quantitative SILAC (stable isotope labeling of amino acids in cell culture) co-immunoprecipitation (Co-IP), NOX4 qCo-IP",NOX4,"250 nl/min, 200 nl/min","60 min, 90 min",2,,,,,,,,"HEK293, HEK293T/17",,total membrane,,,,,,,,,,,"NOX1, NOX4",,37 °C,
MSV000080773.txt,Human,,,,"nuclear, cytosol","cells, cell line",,,,,,"IL-2, unstimulated","Q Exactive HF mass spectrometer (Thermo Fisher Scientific), Q Exactive mass spectrometer (ThermoFisher Scientific)","top 10 data dependent mode, PRM, Targeted-MS2","nanoelectrospray source, nanoES Emitter","higher energy C-trap dissociation, HCD",,"normalized collision energy of 25 eV, normalized collision energy of 28",7 ppm,20 ppm,SILAC,"LysC, trypsin",,,,"Carbamidomethylation, oxidation of M, protein N-terminal acetylation, NQ deamidation, STY phosphorylation",,SIL phosphopeptide mixture,,"reverse phase liquid chromatography system (EASY-nLC 1000 ultrahigh pressure, Thermo Fisher Scientific), analytical in-house packed column (20 cm × 75 μm, ReproSil-Pur C18-AQ 3 μm resin (Dr. Maisch GmbH)), Easy-nLC 1000 nanoUPLC System (ThermoFisher Scientific), Acclaim PepMap100 precolumn (75 μm × 2 cm, ThermoFisher Scientific), Acclaim PepMap RSLC (50 μm × 15 cm, Thermo Scientific) analytical column",high pH fractionation,,,TiO2 beads,,"250 nl/min, 300 nl/min","120 min, 90 min",maximum of 2,,3,,,pooled,leukemic,,Kit225,"CD4 + T lymphocytes, T lymphocytes","cytosol, nuclear enrichment",,5 min,,,,,,,,,"200 U/ml, 5 min",5 min,37 °C,IL-2 200 U/ml
MSV000080774.txt,Homo sapiens,,,,,cell line,,,,,,nocodazol treatment,Q-Exactive (Thermo Fisher Scientific),data-dependent acquisition mode,electrospray,HCD,,HCD normalized collision energy of 27,±8 ppm,±20 ppm,,"Lys-C, Trypsin",iodoacetamide,dithiothreitol,,"carbamidomethylation on cysteine, oxidation on methionine, phosphorylation of serine, threonine, and tyrosine",,"WAGGDASGK, WAGG(pS)ASGK, WWGSGPSGSGGSGGGK",,"RP C18 column (Acclaim PepMap RSLC, Dionex; 75 μm i.d. × 500 mm, 2 μm particle size, 100 Å pore size)","PolySAX LP or PolyWAX LP column (PolyLC; 4.6 mm inner diameter (i.d.) × 200 mm, 5 μm particle size, 300 Å)",,,reversed-phase (RP) C18 Sep-Pak cartridges,,"1 mL/min, 230 nL/min","5 min at solvent A, then 43 min to 100% solvent B, and then 5 min at 100% solvent B, 1 h gradient, 2 h gradient, 10 min at 2% solvent D, in 60 min (1 h gradient) or 120 min (2 h gradient) to 35% solvent D, in 5 min to 90% solvent D, 5 min at 90% solvent D",2,,,,,,,,HeLa Kyoto cells,,,,,,,,,,,,,"ERLIC, AEX, PolySAX LP, PolyWAX LP, pH 2, pH 6",overnight,,nocodazol
MSV000080775.txt,Homo sapiens,,,,,"cells, cell line",,,,,"CIP2A depletion, RAS knockdown, RAS depletion",OA,Q Exactive quadrupole-orbitrap mass spectrometer (Thermo Fisher Scientific),label-free quantification,,,,,,5-ppm,label-free quantification,modified trypsin,iodoacetamide,"dithiothreitol, DTT","CIP2A, RAS",phosphorylation,bovine α-casein,,,EASY-nLC 1000 nanoflow LC instrument,,,,"TiO 2 enrichment, TiO 2 affinity chromatography",,,,,,15,15,,,,"CIP2A depletion, RAS depletion, OA","HeLa, CW-2, HCA7, NCI-H747",,,,72 hours after transfection,,,,,,,,,"CIP2A, RAS, OA",72 hours,,"OA 25nM, siRNA"
MSV000080776.txt,human,,,,prostate cancer tissues,tissue,,,,metastatic castration resistant prostate cancer (CRPC),,treatment-naïve,Q-Exactive mass spectrometer (Thermo Scientific),quantitative label free mass spectrometry,,,,,,,"quantitative label free mass spectrometry, label free quantitation (LFQ)",,carbamidomethyl cysteine,,,"N-terminal acetylation, oxidized methionine, phosphorylated serine, threonine, or tyrosine",,,,"EASY-spray columns (25cm × 75 μm ID, PepMap RSLC C18 2μm), easy-nLC 1000 ultra high-pressure liquid chromatography (UHPLC) system (Thermo Scientific)",,,,Phosphopeptide enrichment,,,,2,technical duplicates,27,27,,,"lethal metastatic castration resistant prostate cancer (CRPC), treatment naïve localized prostate cancer","anti-androgens, chemotherapy",,,,,,,,,,,late stage,,,"treatment-naïve, metastatic CRPC",,,
MSV000080778.txt,human,,,,,"cells, cell line",,,,,,"DMSO, aspirin, aspirin-d 3, salicylic acid, bufexamac, nicotinamide",Q Exactive mass spectrometer (Thermo Fisher Scientific),data dependent,EASY-Spray ion source,,,,6 ppm,20 ppm,"SILAC, label-free","LysC, trypsin",iodoacetamide,DTT,,"acetylated lysine, Carbamidomethylation of cysteines, oxidation of methionines, acetylation of protein N termini, acetylation of lysines, d3-acetylation of lysines",,,,"EASY-nLC 1000 liquid chromatography system, 75 μm × 500 mm EASY-Spray column",,,,immune affinity chromatography,,,90 min to 240 min,three,,,,,pooled,,"aspirin, salicylic acid, bufexamac, nicotinamide",HeLa cells,,,,"6, 24, or 48 h, 0.25, 0.5, 1, 2, 6, 16, or 24 h, 6 h, 8 h exposure to aspirin-d 3 (0 h recovery), 8 h aspirin + 0.25 h recovery, 8 h aspirin + 0.5 h recovery, 15 min",,,,,,,,,"20 m m, 10 m m, 5 m m, 2 m m, 1 m m, 0.5 m m, 6 h, 24 h, 48 h, 0.25 h, 0.5 h, 1 h, 2 h, 16 h","6 h, 24 h, 48 h, 0.25 h, 0.5 h, 1 h, 2 h, 6 h, 16 h, 24 h",37 °C,"aspirin 20 m m, aspirin 10 m m, aspirin 5 m m, aspirin 2 m m, aspirin 1 m m, aspirin 0.5 m m, salicylic acid 20 m m, salicylic acid 10 m m, salicylic acid 5 m m, salicylic acid 2 m m, salicylic acid 1 m m, salicylic acid 0.5 m m, bufexamac 0.25 m m, nicotinamide 20 m m, aspirin 20 m m, aspirin 10 m m, aspirin 5 m m, aspirin 2.5 m m, aspirin 1.25 m m, aspirin 0.625 m m, salicylic acid 20 m m, salicylic acid 10 m m, salicylic acid 5 m m, salicylic acid 2.5 m m, salicylic acid 1.25 m m, salicylic acid 0.625 m m, aspirin 5 m m, aspirin-d 3 5 m m"
MSV000080779.txt,Triticum aestivum,,,,,,,,,,,"digested with proteolytic enzymes, treated with 0.1 μmg/μ l TG2","Ultraflex II, Bruker Daltonics, Q Exactive hybrid quadropole-orbitrap mass spectrometer",data-dependent acquisition,EASY-spray ion source,"higher-energy collisional dissociation, HCD",orbitrap,25% normalized collision energy,"20 ppm, 6 ppm",20 ppm,,"chymotrypsin, pepsin, trypsin, elastase, carboxypeptidase A",iodoacetamide,,,"pyro-glu (N-term Q), deamidation (NQ), oxidation (M)",,"γ-gliadin 26mer, FLQPEQPFPEQPEQPYPEQPEQPFPQ, α-gliadin 33mer, LQLQPFPQPELPYPQPELPYPQPELPYPQPQPF, PLQPEQPFP",,"nano-HPLC (Dionex Ultimate 3000 nano-LC system; NCS-3500RS NANO), EASY-nLC 1000 (Thermo Fisher Scientific), trap column (C18, 100 μm × 2 cm, PepMap RSLC, Thermo Fisher Scientific), EASY-Spray column (C18, 25 cm × 75 μm ID, 2 μm particles, Thermo Fisher Scientific)",size exclusion chromatography,,,"antibody pull-down, pull-down with hmAbs",,0.3 μl/min,,,,,,,pooled,celiac disease,,HEK293A,single IgA plasma cells,,,,,,,,,,,,,,,
MSV000080780.txt,Homo sapiens,,,,,"cells, cell line",,,,,overexpressing HA-tagged ubiquitin,,"Q Exactive mass spectrometer (Thermo Fisher Scientific, Bremen, Germany)",data-dependent,positive ionization mode,HCD,,25% normalized collision energy,"20 ppm, 4.5 ppm",,,trypsin,iodoacetamide,"tris(carboxyethyl)phosphine, TCEP",,"chemical acetylation, N-acetylated, Boc-Gly-OSu, oxidation by H2O2, methionine oxidation, carbamidomethylation of cysteines, N-terminal protein acetylation, lysine acetylation, N-terminal pyro-glutamate, Lys-ε-Gly, Gly on protein N-termini",,Ac.AEVDYKNR.OH,,"Ultimate 3000 RSLC nano LC, trapping column (made in-house, 100 μm i.d. × 20 mm, 5 μm beads C18 Reprosil-HD, Dr. Maisch, Ammerbuch-Entringen, Germany), analytical column (made in-house, 75 μm i.d. × 150 mm, 3 μm beads C18 Reprosil-HD, Dr. Maisch)",RP-HPLC,,360 fractions in total,COmbined FRActional DIagonal Chromatography (COFRADIC),,"80 μL/min, 300 nL/min","100 min, 30 min",one missed cleavage,,,60,,pooled,,,"HEKT293, Jurkat",Human Jurkat T cells,,,,,,,,,,,,,,,
MSV000080781.txt,Homo sapiens,,,,,"cells, cell line",,,,,,"dimethyl sulfoxide, AT13387, STA-9090",Q Exactive HF (Thermo Fisher Scientific),data-dependent acquisition,,higher collision energy dissociation,,normalized collision energy setting of 28%,6 ppm,20 ppm,Stable isotope labeling with amino acids in cell culture (SILAC),,,,,"protein deamidation, oxidation, phosphorylation, Cysteine carbamidomethylation",,,,"Ultimate 3000 RSLCnano System, ReproSil-Pur 120 C18-AQ, 1.9 μm; Dr. Maisch GmbH, 75 μm × 30 cm, self-packed",,,,immunoprecipitation of phosphotyrosine-containing peptides using the pY1000 antibody,,300 nl/minute,"90-minute, 10-minute",2,2,,,,pooled,Burkitt lymphoma (BL),"dimethyl sulfoxide (DMSO), AT13387, STA-9090","DG75, Daudi",,,,,,,,,,,,,"DMSO, AT13387, STA-9090",,37°C,"dimethyl sulfoxide, AT13387, STA-9090"
MSV000080782.txt,Homo sapiens,,,,,cell line,,,,,"HYPE WT-bio, GFP-BirA, HYPE E234G, WT-bio",recombinant AMPylators,QExactive mass spectrometer,data-dependent mode,easy-spray source,HCD,,normalized collision energy of 25,"4.5 ppm, 5 ppm, 10 ppm","20 ppm, 0.01 Da",SILAC,trypsin,iodoacetamide,DTT,,"AMPylation, Cysteine carbamidomethylation, methionine oxidation, acetylation of protein N terminus, AMP-derived adduct (+624.1918 Da) to Ser, Thr, and Tyr, AMP adduct mass of +329.0525 Da",“spike in” standard,,,"Acclaim PepMap RSLC column 50 cm × 75 μm inner diameter, Easy nLC-1000",,,,"NeutrAvidin agarose resin, NeutrAvidin beads","HYPE, HYPE E234G, WT-bio",250 nl/min,2 h,"two, three",Two injections per sample,"3, 2",,,,,,HEK293,,,>10 doublings,"18 h incubation, additional 24 h",,,,,,,,,"1/10 w/w enzyme to total protein, 1/10–1/1000 w/w enzyme to total protein, 0–1000 μm",,37 °C,"recombinant AMPylators 1/10 w/w enzyme to total protein, HYPE E234G 1/10–1/1000 w/w enzyme to total protein, ATP 0–1000 μm"
MSV000080783.txt,Homo sapiens,,,,,"cells, cell line",,,,,,inhibitor 1,Q Exactive mass spectrometer,data-dependent mode,easy-spray source,"higher-energy collision dissociation, HCD",,normalized collision energies of 25,isolation window of 3.0 m / z,,SILAC,trypsin,iodoacetamide,DTT,,"Cysteine carbamidomethylation, methionine oxidation",heavy spike-in standard,,,Acclaim PepMap RSLC column (50 cm × 75 μm inner-diameter; Thermo Fisher Scientific),fractionated to increase the number of identified proteins according to a published protocol,"fraction 1, fraction 2, fraction 3",three fractions/replicate,,,250 nL min –1,2 h,two,,3,,,,cancer,inhibitor 1,"HeLa, MCF-7, MDA-MB-231, HCT116",,,,"0 day treatment, 1 day treatment, 2 day treatment, 3 day treatment",,,,,,,,,"0 day, 1 day, 2 day, 3 day, 5 μM","0 day, 1 day, 2 day, 3 day",37 °C,inhibitor 1 5 μM
MSV000080786.txt,"Homo sapiens, Mus musculus","Gba flox/flox ; nestin-Cre, C57BL/6OlaHsd",,,"cerebrospinal fluid, brain","biofluid, tissue",,,,"neuronopathic GD, type 2 and 3 Gaucher disease",Gba flox/flox ; nestin-Cre,conduritol B-epoxide,"quadrupole Orbitrap mass spectrometer (Q Exactive, Thermo Scientific)","DDA, Top12 method",nanoESI,,,,,,,trypsin,iodoacetamide,dithiothreitol,,"carbamidomethylation of cysteines, oxidation of methionines",,,,"split-less nano-Ultra Performance Liquid Chromatography, C18 T3 HSS nano-column (75 μm internal diameter, 250 mm length, 1.8 μm particle size; Waters)",,,,,,0.25 μl/min,"10 min, 80 min, 10 min, 5 min, 5 min",,,,,,,"Gaucher disease, neuronopathic GD, type 1, type 2, type 3","enzyme replacement therapy (ERT), Miglustat",,,,,between 7 and 22 h after death,,,,,,,,,"Gaucher disease, type 1, type 2, type 3, conduritol B-epoxide",,,conduritol B-epoxide 100 mg/kg/day
MSV000080787.txt,Homo sapiens,,,,Peripheral blood,cells,,,,,,tocilizumab,Q Exactive Plus mass spectrometer,gel-free shotgunproteomics,nanospray ionization,HCD,,,,,label free quantification,trypsin,iodoacetamide,Tris (2-Carboxyethyl) phosphine,,"carbamidomethyl (C), protein N-terminal acetylation, deamidation (NQ), citrullination (R), phosphorylation (STY)",,,,"UHPLC-nanoESI MS/MS setup, Dionex RSLC nanopump, C18 reversed phase column (Dionex Acclaim PepMap RSLC C18, 2 μm, 100 Å, 75 μm × 2 cm), C18 reversed phase column (Dionex Acclaim PepMap RSLC C18, 2 μm, 75 Å, 75 μm × 50 cm)",,,,"CD14+, CD4+, CD8+, and CD19+ cells were extracted using corresponding conjugated dynabeads, CD56+ was extracted using CD56 primary antibodies, and Goat-anti-mouse dynabeads",,300 nL/min,"5 minutes ramp gradient, 225 minutes ramp gradient",,triplicates,1,,,,rheumatoid arthritis,tocilizumab,,"CD14 +, CD4 +, CD8 +, CD19 +, CD56+",,,"before biological treatment, 4 months after",,,,,,,,,"tocilizumab, before biological treatment, 4 months after","before biological treatment, 4 months after",,tocilizumab
MSV000080790.txt,Homo sapiens,,,,,"cells, cell line",,,,,"p55 GAG fusion constructs, pMET7-GAG-Ras, pMET7-GAG-EGFP, N-terminal E-tag, MYC-, FLAG-, VSV, N-terminal GAG sequence, pMD2.g pseudotyping vector, pcDNA3-FLAG-VSV-G, pcDNA3-Etag-VSV-G, pMET7-GAG-bait, pMET7-E-tag prey, pMET7-FLAG-RAF1, N-terminally FLAG-tagged A20, N-terminally FLAG-tagged RNF41","simvastatin, tamoxifen, reversine, human TNFα",Q Exactive instrument (Thermo Scientific),MS/MS mode,,,,,,,,trypsin,,dithiothreitol,,,,,,nano-LC,,,,"Virotrap, MyOne Streptavidin T1 beads pre-loaded with 10 μl ANTI-FLAG BioM2-Biotin antibody","A20, RNF41",,,,,,,,,,,HEK293T cells,,,,"harvested supernatant after 24 h, harvested after 32 h",,,,,,,,,"simvastatin, tamoxifen, reversine, human TNFα",32 h,,"simvastatin 1 μM, tamoxifen 1 μM, reversine 1 μM, human TNFα 300 IU ml⁻¹"
MSV000080791.txt,Homo sapiens,,,,,"cells, cell line",,,,,,PCA,"Q-Exactive (Thermo Fisher Scientific, Waltham, MA, USA)",top-10 data-dependent mode,,high-energy collision dissociation,,27% normalized collision energy,20 ppm,4.5 ppm,"SILAC, heavy or light isotopes, Arg +6 Da, Lys +6 Da",modified trypsin,iodoacetamide,dithiothreitol,,"oxidation on Met, carbamidomethylation in Cys",,,,"easy-nano LC 1000 high-performance liquid chromatography (HPLC), 50-cm column (75-μm internal diameter) packed with 2 μm, 100-Å pore size C18 resin",Agilent 3100 OFFGEL fractionator,,,,,250-nm flow rate,,2,,,,,,,,HEK293,,,,,,,,,,,,,PCA,4 h,,PCA 50 μM
MSV000080793.txt,human,,,,,"cells, cell line",,,,,"His10-SUMO-2, His10-SUMO-2-K0-Q87R","MG-132, PR-619, heat shock",Q-Exactive (Thermo),data-dependent acquisition,,Higher-Collisional Dissociation (HCD),,normalized collision energy of 25%,6 ppm,20 ppm,"Label-Free Quantification, MaxQuant LFQ","Endoproteinase Lys-C, Modified Trypsin",chloroacetamide,"β-mercaptoethanol, dithiothreitol, DTT",,"SUMOylation, Cysteine carbamidomethylation, Protein N-terminal acetylation, peptide N-terminal carbamylation, methionine oxidation, QQTGG, pyro-QQTGG, lysine acetylation, serine-threonine-tyrosine phosphorylation",,,,"EASY-nLC system (Proxeon), 20 cm long analytical columns (ID 75 μm, Polymicro Avantes) packed in-house with 1.8 μm C18 beads (Reprospher 100)",,,,Ni-NTA agarose beads (Qiagen),"His10-SUMO-2, His10-SUMO-2-K0-Q87R",250 nL per minute,120 minute gradient,3,"11, 6, 6, 9",17,"6 control, 3 heat shock, 3 MG-132, 5 PR-619",,,,,"HeLa, U2-OS",,,,7 hours,,,,,,,,,"MG-132, PR-619, heat shock, 10 μM, 20 μM, 43°C, 1 hour","7 hours, 1 hour",43°C,"MG-132 10 μM, PR-619 20 μM"
MSV000080794.txt,Homo sapiens,,,,sera,"cell line, biofluid",,,,,"N-terminal HA tag in pcDNA3, pCMV-HA-HBx, pCMV-HBV1.1, pCMV-HBV1.1(X–)","HBx overexpression, HBV replication, HBx-null HBV replicon","hybrid quadrupole Orbitrap (Q-Exactive) mass spectrometer (Thermo Fisher Scientific, Bremen, Germany)",LC–MS/MS,electrospray,"high-energy collisional dissociation, HCD",,27% normalized collision energy,"20 ppm, 4.5 ppm",20 ppm,SILAC,trypsin,,,,"protein N-terminus acetylation, oxidized methionine, carbamidomethylated cysteine",,,silver staining,"Nano Aquity UPLC system, analytical column (Acclaim PepMap C18, 75 μm × 15 cm)","12% SDS-PAGE, electrophoresis separation step was omitted and pooled samples were boiled in 1× SDS-PAGE loading buffer and directly embedded in PAGE gel by mixing with 12% PAGE solution prior to gelling",,,differential centrifugation protocol,,300 nL/min,120 min,2,,2,,,pooled,HBV-infected,,Huh-7,,exosomes,,48 and 96 h post transfection,,,,,,,,,"HBx, wildtype, HBx-null, HBV-infected, control","48 h, 96 h",37 °C,"HBx, HBV replicon plasmids, pCMV-HBV1.1, pCMV-HBV1.1(X–)"
MSV000080795.txt,Homo sapiens,,,,,cell line,,,,,,"hydroxyurea, VE-821","Q Exactive Plus, Thermo Scientific",data-dependent mode,,"higher energy C-trap dissociation, HCD",Orbitrap mass analyzer,,6 ppm,20 ppm,SILAC,"endoproteinase Lys-C, sequencing grade-modified trypsin",chloroacetamide,dithiothreitol,nucleotide depletion,"Cysteine carbamidomethylation, protein N-terminal acetylation, methionine oxidation, phosphorylation of serine, threonine, and tyrosine",,,,"C18 reversed phase columns (15 cm length, 75 μm inner diameter, 1.9 μm bead size)",micro-column-based SCX,,five fractions,TiO2 spheres,,,2 h,three,,,,,,,"hydroxyurea, VE-821",Human osteosarcoma cells (U2OS),,,,1 h,,,,,,,,,"VE-821, HU",,37 °C,"VE-821 1 μM, HU 2 mM"
MSV000080796.txt,Homo sapiens,,,,"ureter, urine, kidney","tissue, biofluid",,,,,,,Thermo Q-Exactive,,,,,,5-ppm,10-ppm,,trypsin,,DTT,,"Carbamidomethylation (+57.02146) of cysteine, oxidation at MHW (+15.995)",,,,binary gradient,OFFGel fractionation,,Twelve,stage tip,,,120 min,,,,,,,normal healthy,,,,,,,,,,,,,,,,,,
MSV000080797.txt,"Homo sapiens, Mus musculus",,,,,cell line,CM,,,,,"normoxia, hypoxia",Q-Exactive (Thermo Fisher Scientific),DD-MS2 top10 method,,,,,,,"label-free, SILAC-labelled, SILAC",mass spectrometry (MS)-grade trypsin,chloroacetamide,DTT,,,,,,"50 cm C18 reverse-phase analytical column (Thermo EasySpray ES803), EASY nanoLC 1000",,,,10 kDa molecular mass cut-off filters,,,4 h gradient,,,2,,,,breast cancer,,"MDA-MB-231 BT, 4T1 wild-type, MDA-MB-231 parental",,secretome,,24 h,,,,,,,,,"normoxia, hypoxia",24 h,,
MSV000080798.txt,human,,"28.33 ± 1.05, 31.33 ± 2.17",,omental adipose tissue,tissue,,,pregnant,,,"GDM, NGT","nano-ESI Q-Exactive mass spectrometer (Thermo Fisher Scientific, Bremen, Germany)",data-dependent mode,nano-ESI,HCD,Orbitrap analyzer,normalized collision energy of 30,precursor ion isolation window of 2 Da,,label-free,Trypsin,"iodoacetamide, IAA","dithiothreitol, DTT",,"Carbamidomethyl (C), methionine oxidation (M, + 15.99492 Da)",,,,"Reverse-phase high-performance liquid chromatography (RP-HPLC), EASY-nLC nano-LC system, self-packed column (75 μm × 150 mm; 3 μm ReproSil-Pur C18 beads, 120 Å, Dr. Maisch GmbH, Ammerbuch, Germany)",,,,,,300 nL/min,4 h,two,,12,"6, 6",,,"Gestational diabetes mellitus (GDM), normal glucose tolerance (NGT)",,,,,,immediately after delivery,"20.10 ± 0.75, 24.74 ± 1.77, 27.59 ± 2.11, 28.62 ± 1.75",,,,,,,,"GDM, NGT",,,
MSV000080801.txt,Homo sapiens,,,,,cell line,"secretome, conditioned media",,,,"POPX2 knockdown, POPX2 shRNA",,Q-Exactive (Thermo Fisher),LC-MS/MS-based SILAC quantitative proteomics,electrospray,HCD,,normalized collision energy was set to 28%,"20 ppm, 4.5 ppm",20 ppm,"SILAC, heavy labeled Lys8 and Arg6",trypsin,iodoacetamide,dithiothreitol,,"Carbamidomethylation (C), Oxidation (M), deamidation (NQ)",,,Coomassie blue staining,"Dionex Ultimate 3000 RSLCnano system, Acclaim peptide trap column, Dionex EASY-Spray 75 μm × 10 cm column packed with PepMap C18 3 μm, 100 Å","SDS-PAGE, in-gel digestion",,10 fractions,,,300 nL min–1,60 min,,two,3,six,"BR1, BR2, BR3",,breast cancer,,MDA-MB-231,,secretome,,24 h for secretome/CM collection,,,,,,,,,"control, POPX2 knockdown",24 h,37 °C,
MSV000080803.txt,"Mus musculus, Homo sapiens",C57BL/6N,8- to 12-week-old,male,liver,"cells, tissue",,,,,,"recombinant mouse HGF, recombinant human HGF, recombinant human IL-6","LTQ-Orbitrap XL mass spectrometer (Thermo Scientific), Q Exactive Plus Hybrid Quadrupole-Orbitrap mass spectrometer (Thermo Scientific)",data-dependent acquisition,,,,,,,"label-based approach, stable isotope–labeled standard peptides",tryptic,,,,"phosphorylation, threonine and tyrosine phosphorylation, double-phosphorylated, monophosphorylated",,Isotopically labeled peptide/phosphopeptide one-source ratio standards,SimplyBlue SafeStain,"nanoUPLC, nanoAcquity, EASY-nLC 1000",SDS-PAGE,,,"immunoprecipitation, STAGE-Tip method","ERK1, ERK2",,<1 hour,,,4,,,,liver metastasis derived from colorectal cancer,,"HaCaT A5, HepG2 (ATCC HB-806)","primary hepatocytes, primary human epidermal keratinocytes, primary mouse hepatocytes",,,10 min after stimulation with rhHGF (100 ng/ml),,liver,colorectal cancer,,,,,liver,"recombinant mouse HGF, recombinant human HGF, recombinant human IL-6, U0126",10 min,37°C,"recombinant mouse HGF 100 ng/ml, recombinant human HGF 100 ng/ml, recombinant human IL-6, U0126 20 mM"
MSV000080810.txt,Human,,,,"nuclear soluble fraction, nuclear extracts",cell line,,,,,,,,"nanoscale liquid chromatography tandem mass spectrometry, LC–MS/MS",,,,,,,"dimethyl label swapping, label-free quantification analysis",trypsin/lysC,,,,,universal protein standard 2,,,"nanoscale liquid chromatography tandem mass spectrometry (LC–MS/MS), nanoscale LC–MS/MS",strong anion exchange,,six fractions,"high-throughput DNA pull-down, DNA pulldowns","biotinylated double-stranded DNA (dsDNA) oligo, biotinylated dsDNA oligos",,"2 h gradient, 4 h gradient",,,,,,,colorectal cancer (CRC),,"LoVo, SNU175, COLO320",,"Nuclear soluble fraction, nuclear extract",,,,,,,,,,,"Ref-allele, Alt-allele",,,
MSV000080812.txt,human,,,,,"cell line, cells",,,,,stably expressing K0-SUMO (His10-SUMO2-8KR-Q87R-IRES-GFP),"heat-shock, MG132, bortezomib, Cdk1/2 Inhibitor III",Q-Exactive HF mass spectrometer (Thermo),,Nanospray Flex Ion Source,"higher-energy collision disassociation, HCD",,normalized collision energy of 25,1.3 m/z,4.5 p.p.m.,label-free quantification (LFQ),"LysC, trypsin",,"β-mercaptoethanol, βME, TCEP, DTT",,"SUMOylated, phosphorylation, ubiquitylation, acetylation, methylation, protein N-terminal acetylation, methionine oxidation, QQTGG on lysine, pyroQQTGG on lysine",,,,"columns 15 cm long with a 75-μm internal diameter, which was packed in-house with ReproSil-Pur 120 C18-AQ 1.9-μm beads (Dr. Maisch), EASY-nLC 1200 system (Thermo Fisher Scientific)","high-pH fractionation samples, C18 StageTips","F1–F6, F0",six fractions,"Ni-NTA purification, Ni-NTA beads (Qiagen)","K0-SUMO, His10-SUMO2-8KR-Q87R-IRES-GFP",,"140-min gradient, 40-min gradient, 70-min gradient",4,,4,48,,,,"heat-shock, proteasome inhibition by MG132, proteasome inhibition by bortezomib, CDK inhibition","HeLa, U2OS",,,,1 h,,,,,,,,,"standard growth conditions, proteotoxic treatments, heat-shock, MG132, bortezomib, CDK inhibition, 43 °C, 1 h, 8 h, 24 h, 2 h, 10 μM, 100 nM","1 h, 8 h, 24 h, 2 h","37 °C, 43 °C","MG132 10 μM, bortezomib 100 nM, Cdk1/2 Inhibitor III 10 μM"
MSV000080813.txt,Homo sapiens,,,,tissue,"tissue, cell line",FFPE,,,,,,"quadrupole Orbitrap mass spectrometer (Q Exactive, Thermo Fisher Scientific)","data-dependent “top 10” method, data-dependent “top 5” method",nanoelectrospray ion source,higher energy collisional dissociation,,normalized collision energies of 25,4.5 ppm,up to 20 ppm,"super-SILAC, label-free quantification, hybrid LFQ",trypsin,iodoacetamide,DTT,,"Cysteine carbamidomethylation, N-terminal acetylation, methionine oxidation",super-SILAC mix,,,"nanoflow HPLC, in house-made C 18 reversed phase column that was 50 cm long with a 75-μm inner diameter and packed with ReproSil-Pur C 18 -AQ 1.8-μm resin",Strong anion exchange chromatography,"pH 11, pH 8, pH 6, pH 5, pH 4, pH 3",six fractions,,,200 nl min−1,205 min,two,,20,20,,pooled,"diffuse large B-cell lymphoma, DLBCL, ABC-DLBCL, GCB-DLBCL",,"Ramos, Mutu, BL-41, U2932, L428, DB",B-cells,,,,,,,,,,,,"ABC-DLBCL, GCB-DLBCL",,,
MSV000080814.txt,human,,,,"ovarian tumours, fallopian tube, ovarian surface epithelium","tissue, cells, cell line",,,,,,,"Q Exactive, Thermo Fisher Scientific, Q Exactive HF, Thermo Fisher Scientific",top-five method,nano electrospray source,high-energy collisional dissociation,,"normalized collision energy of 25, 27 for Q Exactive HF",,,"label-free protein quantification, Isobaric tag for relative and absolute quantification (ITRAQ)","LysC, trypsin",iodoacetamide,DTT,,"acetylation (N terminus), methionine oxidation, carbamidomethylation",,,,"EASY-nLC 1000 HPLC system, Columns (75 μm inner diameter, 50 cm length) were in-house packed with 1.9 μm C 18 particles",,,,,,200 nl min −1,"250 min gradient, 5 min to 5%, 180 min to 25%, 45 min to 35%, 20 min to 60%",,,3,"26, 30, 41",,pooled,"human high-grade serous ovarian cancer (HGSOC), ovarian cancer, serous-papillary high-grade, FIGO Stage IIIB/C, OvCa",chemo-naive,"SNU119, TYKNU, KURAMOCHI, HEYA8, PEO4, 59M, SKOV3IP1, COV318","immortalized ovarian surface epithelial cells, fallopian tube epithelial cells, Primary fallopian tube secretory epithelial cells (FTECs)",,,,,ovaries,"fallopian tube, ovarian surface epithelium",,high-grade,FIGO Stage IIIB/C,,ovaries,"epithelial, clear cell, mesenchymal",,,
MSV000080815.txt,Homo sapiens,,,,,"cells, cell line",,,,,,#NAME?,Q Exactive hybrid quadrupole-Orbitrap mass spectrometer (Thermo Fisher Scientific),top-10 data-dependent scan mode,nanospray ion source,,,"normalized collision energy, 28%",±6 ppm,±20 mDa,"SILAC, u- 13 C 6 Lys and u- 13 C 6 Arg","trypsin, Lys-C endopeptidase",iodoacetamide,DTT,"depleted of Imp-β family NTRs, depleted of RCC1","carbamidomethyl (Cys), oxidation (Met)",,,,"EASY-nLC 1000, NANO-HPLC capillary column C18 (75 μm x 150 mm, 3 μm particle size, Nikkyo Technos, Tokyo)",Empore Cation Exchange-SR,,,in vitro reconstituted transport system,"NTR, Imp-β, Imp-13, Trn-1, Trn-2, Imp-7, Imp-8, Imp-9, Imp-11, Imp-5, Trn-SR, Imp-4, Exp-4",300 nL/min,"100-min, 20-min",1,,3,,Experiments 1–3,,,,HeLa-S3,,"cytosolic, nuclear",,,,,,,,,,,"NTR, Ctl",20 min,30°C,"RanGDP 4 μM, Imp-β 0.3–0.7 μM, Imp-13 0.3–0.7 μM, Trn-1 0.3–0.7 μM, Trn-2 0.3–0.7 μM, Imp-7 0.3–0.7 μM, Imp-8 0.3–0.7 μM, Imp-9 0.3–0.7 μM, Imp-11 0.3–0.7 μM, Imp-5 0.3–0.7 μM, Trn-SR 0.3–0.7 μM, Imp-4 0.3–0.7 μM, Exp-4 0.3–0.7 μM"
MSV000080816.txt,Homo sapiens,,,,"nuclear, cytosolic, membrane, cytoskeletal compartments","cells, cell line",,,,,,"DMSO, cycloheximide, MG132",QExactive mass spectrometer (Thermo Scientific),LC-MS/MS,nano-electrospray ionization,,,,7 ppm,20 ppm,SILAC,trypsin,N-ethylmaleimide,"triscarboxyethylphosphine, TCEP",,"methionine oxidation, deamidation of glutamine or asparagine, N-terminal pyro-glutamic acid formation, protein N-terminal acetylation",,,,Acclaim PepMap C18 reverse phase analytical column,denaturing size exclusion chromatography,,8 × 200 μl fractions,subcellular protein fractionation,,200 nl min−1,140 min,two,,3,,,pooled,osteosarcoma,"DMSO, 40 μg/ml cycloheximide, 10 μ m MG132",U2OS,,"nuclear, cytosolic, membrane, cytoskeletal compartments",,6 h,,,,,,,,,"DMSO, 40 μg/ml cycloheximide, 10 μm MG132, 6 h",6 h,37 °C,"DMSO, cycloheximide 40 μg/ml, MG132 10 μm"
MSV000080825.txt,Homo sapiens,,,gender,lung tissue,tissue,,race,,,,,Orbitrap Q Exactive Plus mass spectrometer (Thermo Fisher Scientific),data-dependent mode,nanospray source,,,,,,,Lys-C/trypsin,"Iodoacetamide, IAA","dithiothreitol, DTT",,,,,,Waters Nano Acquity UHPLC,,,,,,,,,Triplicate,38,38,,,"lung adenocarcinoma, non-small cell lung cancer",none of whom received preoperative treatment,,,,,,,lung,lung,,,early stage (Stage IA/IB),,lung,"malignant, non-malignant",,,
MSV000080826.txt,Homo sapiens,,,,"semen, sperm cells, testis","biofluid, cells, tissue",,,,,,,"Q-Exactive, Q Exactive Plus, Thermo Fisher Scientific","LC-MS/MS, PRM, Parallel reaction monitoring",,"HCD, higher energy collisional dissociation",,,5 ppm,25 mmu,,trypsin,carbamidomethylation,,,"carbamidomethylation of cysteines, oxidation of methionines, protein N-terminal acetylation",,Synthetic heavy labeled peptides,,nano-LC,"1D SDS-PAGE separation, separation of Triton X-100 soluble and insoluble fractions, high-pH reversed-phase (Hp-RP) chromatography",,"23 gel slices, 20 gel slices per fraction",,,,long gradient runs,one missed trypsin cleavage site,,5,five healthy donors,,pooled,,,,sperm cells,,,,,,,,,,,,,,,
MSV000080827.txt,Homo Sapiens,,"40y, 39y, 27y, 20y",male,bone marrow,cells,,,,,,,"Q Exactive mass spectrometer (Thermo Scientific, Bremen, Germany)",data dependent mass spectrometric method,,"higher energy collisional dissociation, HCD",,normalized collision energy 25,"first search mass accuracy tolerance 20 ppm, main search mass accuracy tolerance 4.5 ppm",FTMS MS/MS tolerance 20 ppm,"SILAC, triple SILAC","Lys-C, trypsin",iodoacetamide,DTT,,"N-terminal acetylation, methionine oxidation, cysteine carbamidomethylation",,,,"EASY nLC-II, ReproSil-Pur 120 C18-AQ 3 μm diameter beads","in-solution isoelectric focusing (OFFGEL fractionator, Agilent)",,12 fractions,,,250 nl/min,100 min,maximum two missed cleavages,,3,,,pooled,,,ES04 (WiCell institute),"human embryonic stem cells, human ESC-MSC, human bone marrow-derived MSC, BM-MSC","cytosolic (CYT), nuclear (NUC), chromatin-bound (CH)",,,,,,,,,,,"hESC, ESC-MSC, BM-MSC",,37 °C,
MSV000080828.txt,Homo sapiens,,,,,cells,,,,,"47snoMEN, HBII-180C based snoMEN, GFP-HIF-1α","MG132, Desferroxamine, Dimethyloxalylglycine, 1% O2",Q-Exactive (quadrupole Orbitrap) mass spectrometer (Thermo Fisher),Top10,nanoelectrospray,,,,,,SILAC,"Lys-C, trypsin",iodoacetamide,TCEP,,,,,,"Dionex RSLCnano HPLC, 75 μm × 50 cm PepMap-C18 column",HILIC (hydrophilic interaction liquid chromatography),,,,,200 nl/min,220 min,,,,,,,,,"HeLa, U2OS",,,,,,,,,,,,,"MG132, Desferroxamine (DFX), Dimethyloxalylglycine (DMOG), 1% O2","3 hours, 24 hours",,"MG132 20μM, Desferroxamine (DFX) 200μM, Dimethyloxalylglycine (DMOG) 1mM"
MSV000080829.txt,Homo sapiens,,,,,"cells, cell line",,,,,transfected with 10 n M Syn-hsa-miR-372-3p miScript miR-mimic,"10 n M AllStar neg. control siRNA, 10 n M AllStars hs cell death siRNA",hybrid Q-Exactive mass spectrometer (Thermo Fisher Scientific),data-dependent MS/MS,nano electrospray ionization,higher energy collision dissociation,,30% normalized collision energy,10 p.p.m.,,tandem mass tag (TMT)-10plex isobaric label,trypsin,carbamidomethylation,dithiothreitol,,oxidation on methionine residues,,,,"Ultimate 3000 RSLC system, C18 guard desalting column (Acclaim pepmap 100, 75 μm × 2cm, nanoViper, Thermo Fisher Scientific), nano EASY-Spray column (pepmap RSLC, C18, 2 μm bead size, 100 Å, 75 μm internal diameter, 50 cm long, Thermo Fisher Scientific)","isoelectric focusing (IEF), HiRIEF",,72 fractions,"strong cation exchange solid-phase extraction (Phenomenex Strata-X-C, Phenomenex, Torrance, CA, USA)",,"5 μl/min, 250 nl/min",50 min,,,3,,,pooled,non-small cell lung cancer,,U1810,,,,Thirty-two hours after transfection,,,,,,,,,"miR-372-3p mimic, control siRNA",Thirty-two hours,37 °C,"Syn-hsa-miR-372-3p miScript miR-mimic 10 n M, AllStar neg. control siRNA 10 n M"
MSV000080831.txt,"mouse, human",,,,,"cells, cell line",,,,"aneuploid, trisomic, disomic",,"MG132, Bafilomycin A1, wortmannin, Actinomycin D, DMSO","Q Exactive mass spectrometer (ThermoScientific), Q Exactive orbitrap system",data dependent mode,electrospray ionization (ESI),higher energy collision induced dissociation,Orbitrap,,,,"SILAC, Light SILAC, Heavy SILAC, Medium SILAC","LysC, trypsin",iodoacetamide,DTT,,"oxidation of methionines, n-terminal acetylation, deamidation of aspargine and glutamine residues, Carbamidomethyl of c-termini",,,,"2,000 mm monolithic column with a 100-μm inner diameter filled with C18 material, High Performance Liquid Chromatography (HPLC) system (ThermoScientific), 15 cm column with an inner diameter of 75 μm packed in house with ReproSil-Pur C18-AQ material, 4 m long monolithic column (2 × 2 m column combined), 15 cm C18 column","isoelectric focusing, strong anion exchange (SAX), online SCX/WAX approach",,12 fractions,"click reaction, Click-iT protein enrichment-kit",,"300 nl/min, 250 nl/min, 500 nl/min","4 hr linear gradient, 4 or 2 hr gradients, 12 hr gradient, 2 hr gradients, 8 hr gradient, 6 hr gradients, 4 hr gradients",,technical triplicates,3,,,,,"MG132, Bafilomycin A1, wortmannin, Actinomycin D","NIH 3T3 mouse fibroblast cells, RPE-1, RPE-1 trisomic cells",mouse fibroblast,,,"0 hr, 4 hr, 6 hr, 8 hr, 16 hr, 24 hr, 32 hr",,,,,,,,,"0 hr, 4 hr, 8 hr, 16 hr, 32 hr, MG132, Bafilomycin A1, wortmannin, Actinomycin D, DMSO, RPE-1, RPE-1 trisomic","0 hr, 4 hr, 8 hr, 16 hr, 32 hr",,"MG132 20 μM, Bafilomycin A1 250 nM, wortmannin 500 nM, Actinomycin D 100 nM, DMSO"
MSV000080833.txt,Homo sapiens,,,,colon mucosa,tissue,biopsies,,,,,"methotrexate, Leflunomide",Q Exactive Plus mass spectrometer (Thermo Scientific),data-dependent TOP12 acquisition method,electrospray ionization,,,NCE 27,"20 ppm, 4.5 ppm",,"label-free quantitative proteomics, LFQ (label-free quantitation)",sequencing-grade-modified trypsin,2-iodoacetamide,tris(2-carboxyethyl)- phosphine,,"carbamidomethylated cysteine residues, acetylation of the N-terminal of proteins, oxidation of methionine, deamidation of asparginine and glutamine residues, arginine citrullination",,,,"UltiMate 3000 UPLC system, 50 cm C18 Acclaim PepMap100 analytical column",,,,,,300 nL/min,230 min,max two tryptic missed cleavages,triplicate,21,"11 RA-patients, 10 healthy controls",,,"Rheumatoid arthritis, RA","methotrexate, MTX, Leflunomide",,,,,,,,,,,,,,"RA-patients, healthy controls",,,"methotrexate, Leflunomide"
MSV000080834.txt,"Homo sapiens, Rattus norvegicus",,,,,"cells, cell line",,,,,"Tet-inducible system for TrkA expression, pT-REx-DEST30-TrkA","NGF, CHX",Q Exactive mass spectrometer (Thermo Fisher Scientific),data-dependent acquisition,nanoelectrospray ion source,"higher-energy collisional dissociation, HCD",,collision energy: 25%,6 ppm,20 ppm,SILAC,"endoproteinase Lys-C, trypsin",chloroacetamide,dithiothreitol,Cbl-b depletion,"Cysteine carbamidomethylation, Protein N-acetylation, N-pyroglutamine, oxidized methionine, phosphorylation of serine, threonine, and tyrosine, deamidation of asparagine and glutamine",,,Colloidal Blue Kit,"EASY-nLC system, 15-cm analytical column (75-mm inner diameter) in-house packed with 3-mm reversed-phase C18 beads (ReproSil-Pur AQ, Dr. Maisch)","strong cation exchange (SCX) chromatography, 4 to 12% bis-tris gradient gels",,"5 (interactome), 10 (proteome)","TiO2-based phosphopeptide enrichment, titansphere chromatography, immunoprecipitated",TrkA,"1.0 ml/min, 250 nl/min","30 min, 180-min gradient",,,3,,,pooled,neuroblastoma,,"SH-SY5Y, SH-SY5Y-TR, SH-SY5Y-TR-TrkA, PC12",,,,5 to 120 min stimulation with NGF,,,,,,,,,"5 to 120 min, NGF 100 ng/ml",5 to 120 min,37°C,NGF 100 ng/ml
MSV000080835.txt,Homo sapiens,,,male,plasma,"biofluid, cells, cell line",,,,,,"hormonal anti-androgenic (GnRH agonist) therapy, radiotherapy","Q-Exactive (Thermo Scientific), Q-Exactive Plus (Thermo Scientific)","data-dependent mode, top-10 method",EASY-Spray,HCD,,normalized collision energy (NCE) of 25,"20 ppm, 4.5 ppm",20 ppm,"SILAC, super-SILAC, label-free","endoproteinase Lys-C, trypsin",iodoacetamide,DTT,,"N-terminal acetylation, methionine oxidation, carbamidomethyl cysteine",purified PSA,,,"EASY-nLC1000 UHPLC system, 75 μm i.d. × 50 cm long EASY-spray PepMap columns (Thermo Scientific) packed with 2 μm C18 particles 100 Å pore size",,,,isolation of microparticles,,300 nl/min,4 h gradients,two,three,,28,,pooled,prostate cancer,"hormonal anti-androgenic (GnRH agonist) therapy, radiotherapy treatments","MDA-MB-231, HeLa, HepG2, RKO, U2OS, LNCaP, Jurkat",,"microparticle proteome, plasma microparticle proteome",more than 10 doublings,"before radiation therapy, 24 h after the first radiation treatment, 2 weeks after the first radiation treatment",,,,,,,,,"healthy individuals, prostate cancer patients, before radiation therapy, 24 h after the first radiation treatment, 2 weeks after the first radiation treatment, 0.5 ng/ml, 2 ng/ml, 10 ng/ml, 50 ng/ml, 200 ng/ml","before radiation therapy, 24 h after the first radiation treatment, 2 weeks after the first radiation treatment",,"hormonal anti-androgenic (GnRH agonist) therapy, purified PSA 0.5 ng/ml, purified PSA 2 ng/ml, purified PSA 10 ng/ml, purified PSA 50 ng/ml, purified PSA 200 ng/ml"
MSV000080836.txt,Homo sapiens,,,,,"cells, cell line",,,,,"C-terminal GFP, GFP-tagged MCM6, GFP-tagged SMC1A, SMARCA5 tagged with C-terminal GFP, EIF4B tagged with C-terminal GFP, EIF3I tagged with C-terminal GFP, CBX4 tagged with C-terminal GFP, SRSF1 tagged with C-terminal GFP, SRSF2 tagged with C-terminal GFP, RFC5 tagged with C-terminal GFP, EEF1A1 tagged with C-terminal GFP, FUS tagged with C-terminal GFP","siRNA against human PRMT1, siRNA against PRMT4, siRNA against PRMT5, 100 nM EPZ015666",Orbitrap Q Exactive HF,data-dependent acquisition,nanoelectrospray source,"higher-energy collisional dissociation, HCD",,,7 parts per million (ppm),20 ppm,SILAC,"endoproteinase Lys-C, modified sequencing grade trypsin",chloroacetamide,"dithiothreitol, DTT",,"omega-NG-MMA, carbamidomethylation, protein N-terminal acetylation, methionine oxidation, mono- methylation on lysine and arginine",,,,"nanoscale EASY-nLC 1000 UHPLC system, 15-cm analytical column (75 mm inner diameter) in-house packed with 1.9-mm C18 beads (Reprosil Pur-AQ, Dr. Maisch)","HpH fractionation, HpH reversed-phase prefractionation, Waters XBridge BEH130 C18 3.5 mm 4.6 × 250 mm column on an UltiMate 3000 HPLC (high-performance liquid chromatography) system",,14,PTMScan Mono-Methyl Arginine Motif [mme-RG] Immunoaffinity Beads,,"1 ml/min, 250 nl/min","62 min, 5 min, 3 min, 5 min, 77-min gradient",three,,,,,,,,"HEK293, HeLa, U2OS, HeLa- Kyoto",,,,48 hours after transfection,,,,,,,,,"PRMT1, PRMT4, PRMT5, EPZ015666",48 hours,,"PRMT1, PRMT4, PRMT5, EPZ015666 100 nM"
MSV000080838.txt,human,,"67.5 ± 12.1, 76 ± 5.2, 76.9 ± 3.6, 74.5 ± 6.9, 72.6 ± 9.3",,aqueous humor,biofluid,,Caucasian,,,,"cataract, pseudoexfoliative cataract, Primary open angle glaucoma, pseudoexfoliative glaucoma","Orbitrap QExactive mass spectrometer (Thermo Scientific, USA)",,nano-electrospray ionization,higher energy collisional dissociation,Orbitrap analyzer,35 eV,4.5 ppm,20 ppm,"Label-free protein quantification, Label-free quantification (LFQ)",Trypsin,iodoacetamide,,,"methionine oxidation, N-terminal acetylation, carbamidomethyl cysteine",,,,"Agilent HPLC system 1100 Series, trap column Zorbax 300SB–C18, 5 × 0.3 mm, 150 mm x 75 μm Zorbax 300SB-C18 reverse phase analytical column",,,,,,300 nl/min,30 min,two,two or more,29,29,,not pooled,"cataract, glaucoma, pseudoexfoliation syndrome, Pseudoexfoliative cataract, Primary open angle glaucoma, Pseudoexfoliative glaucoma",,,,,,,,,eye,,,,,,"Cataract, Pseudoexfoliative cataract, Primary open angle glaucoma, Pseudoexfoliative glaucoma",,,
MSV000080839.txt,Homo sapiens,,,,,"cells, cell line",,,,,,lapatinib,"Orbitrap Q Exactive Plus mass spectrometer (Thermo Scientific), Q Exactive HF mass spectrometer (Thermo Scientific), Q Exactive mass spectrometer (Thermo Scientific)",,,,,,,,Dimethyl labeling,trypsin,CAA,DTT,,phosphorylation,,,,"nanoflow LC/MS-MS, Agilent 1290, UltiMate 3000 nano LC system","high pH reversed-phase micro-column fractionation, Hydrophilic strong anion exchange fractionation",,24 fractions,"Fe-IMAC column enrichment, Kinobead pull downs",,,,,,,,,,HER2/ERBB2–overexpressing breast cancers,lapatinib,"BT-474, BT-474-J4",,,,"2 hours after exchange, 8 hours after exchange, 24 hours after exchange",,,,,,,,,"BT-474, BT-474-J4",,,lapatinib 1 μmol/L
MSV000080841.txt,human,,,,,"cells, cell line",,,,,,"serum starvation, hydroxyurea, RO-3306",Q-Exactive Orbitrap mass spectrometer,Top10,nanoelectrospray,"collision-induced dissociation, HCD",Orbitrap,,7 ppm,20 ppm,label free quantitation (LFQ),"Lys-C, trypsin",iodoacetamide,TCEP,,"Deamidation, oxidation of methionine, Gln→pyro-Glu",,,Coomassie protein staining,"Dionex RSLCnano HPLC-coupled Q-Exactive Orbitrap mass spectrometer, 2-cm PepMap trap column, analytical column (75 μm × 50 cm PepMap-C18 column)","strong anion exchange column, hSAX method","F1, F2, F3, F4, F5, F6, F7, F8, F9, F10, F11, F12",12 × 750 μl fractions,,,200 nl/min,220 min,2,,3,,,,acute myeloid leukemia,"serum starvation, hydroxyurea, RO-3306",NB4,acute myeloid leukemia blast cells,,,"48 hr in suspension before harvest, 18 hr",,,,,,,,,"serum starvation, hydroxyurea, RO-3306, 48 hr, 18 hr","48 hr, 18 hr",37°C,"hydroxyurea 80 μM, RO-3306 9 μM"
MSV000080842.txt,human,,,,,"cells, cell line",,,,,"FLAG-tagged TNF-α, GFP-SPATA2, TwinStrep-FLAG CYLD, GFP-SPATA2 458*, GFP-SPATA2 200*, GFP-SPATA2 D200, Strep-FLAG CYLD 600*, Strep-FLAG CYLD 400*, Strep-FLAG CYLD USP, FLAG-tagged HOIP",recombinant human TNF-α,"quadrupole Orbitrap (Q‐Exactive, Thermo Scientific)",data-dependent mode,,"higher‐energy C‐trap dissociation, HCD",Orbitrap mass analyzer,,6 ppm,20 ppm,SILAC labeling,"endoproteinase Lys‐C, sequencing grade modified trypsin",chloroacetamide,dithiothreitol,,"di‐Gly‐modified, phosphorylation, Cysteine carbamidomethylation, protein N‐terminal acetylation, methionine oxidation, N‐ethylmaleimide modification of cysteines, di‐glycine‐lysine",,,,"nanoflow HPLC system, C18 reversed-phase columns (15 cm length, 75 μm inner diameter)",micro-column-based strong-cation exchange chromatography (SCX),,six fractions,"agarose-conjugated α-FLAG M2 antibody affinity matrix, di-glycine-lysine antibody resin, TiO2 spheres",TNF-α,,,three,,,,,,,,"A549, HEK293, HCT116, L929, A20.2J",,,,,,,,,,,,,"100 ng/ml, indicated periods",indicated periods,37 °C,recombinant human TNF‐α 100 ng/ml
MSV000080843.txt,human,,,,,"cell line, cells",,,,,,"Decitabine, 5′-Aza-2′-deoxycytidine",Q-Exactive-plus mass spectrometers (Thermo Scientific),data-dependent “top 10” method,electrospray,higher-energy collisional dissociation (HCD),,Normalized collision energy was set to 25%,4.5 ppm,20 ppm,"iBAQ, LFQ",tryptic,"iodoacetamide, Carbamidomethyl cysteine",,,"Methionine oxidation, Methionine sulfoxide, n-acetylation",,,,"capillary chromatography, reversed phase capillary chromatographies, home-packed a 30 cm long, 75 μm inner diameter column with 3.5 μm silica ReproSil-Pur C18-AQ resin",in-gel proteolysis of 5 gel slices from each lane,,5 gel slices,immunoaffinity purified using the W6/32 mAb bound to Amino-Link beads,HLA class I molecules,0.15 μl/min,"2 h, 3 h",two,,3,,,,Glioblastoma,"5-aza-2′-deoxycytidine, Decitabine","U-87, T98G, LNT-229",human Glioblastoma cell lines,,,72 h,,,,,,,,,"1 μm, 72 h",72 h,37 °C,"5′-Aza-2′-deoxycytidine (Decitabine, AdooQ Bioscience, Irvine, CA) 1 μm"
MSV000080844.txt,"Homo sapiens, Mus musculus",Balb/c,,,fetal livers,cells,,,E13.5,,,unstimulated,Q-Exactive Plus (Thermo),,nano-electrospray ionization,,,,,,MaxLFQ,,,,,,,,Coomassie,liquid chromatography,10% 1D SDS–PAGE,,,,,,,,,,,,,,,BaF3-EpoR,"mCFU-E, hCFU-E",,,unstimulated,,,,,,,,,"mCFU-E, hCFU-E, BaF3-EpoR",,,
MSV000080846.txt,human,,38,M,tumor tissue,tissue,,,,,,,"QExactive orbitrap mass spectrometer (Thermo Electron, San Jose, CA)",data-dependent MS/MS,,Higherenergy collisional dissociation,,normalized collision energy of 25,10 ppm,,,"modified porcine trypsin, Trypsin","Iodoacetamide, IAA",DTT,,"Carbamidomethylation to cysteine, methionine oxidation",,,,"online two-dimensional reverse-phase/reverse-phase liquid chromatography separation platform, online 2D-NCFC-RP/RPLC system, mid-pH RP COL, 50 cm × 150 µm, two capillary analytical RP columns (COL1 and COL2, 150 cm × 75 µm)","online noncontiguous fractionating and concatenating device (NCFC fractionator), online CF, online NCFC",10 NCFC fractions,"10 fraction loops, 10 10 min eluates, 50 2 min eluates",,,"1.0 µL/min, 500 nL/min, 2.7 µL/min, 300 nL/min","100 min, 10 min, 330 min, 5 min, 20 min, 5 min",,,,,,,diffuse-type gastric cancers,curative surgery,,,,,at the time of performing curative surgery,,,,,,,,,,,,
MSV000080848.txt,Homo sapiens,,,,"repair arteries, internal mammary artery, internal thoracic artery",tissue,,,,"type 2 diabetes mellitus, nondiabetic",,"metformin, statins",Q-Exactive (Thermo Scientific),data-dependent,positive ion mode,higher-energy collisional dissociation,Orbitrap,,10 ppm,0.1 Da,"isobaric tag for relative and absolute quantitation, iTRAQ, iTRAQ 8-plex",trypsin,iodoacetamide,dithiothreitol,,"carbamidomethyl (C), iTRAQ8plex (K), iTRAQ8plex (N-term), oxidation (M)",,,,"Dionex UltiMate 3000 nano high-performance liquid chromatography, custom-made fused capillary precolumn (2 cm length, 360-μm outer diameter, 100-μm inner diameter), custom-made fused capillary column (20 cm length, 360-μm outer diameter, 100-μm inner diameter) packed with ReproSil Pur C18 3-μm resin (Dr Maish, GmbH)","hydrophilic interaction liquid chromatography (HILIC) fractionation, Dionex UltiMate 3000 nano high-performance liquid chromatography using a 42-minute linear gradient and a TSKgel amide-80 HILIC column",,22 fractions,,,"5 μL per minute, 300 nL per minute","42-minute, 86 minutes",2,,60,"30 diabetic, 30 non-diabetic",,pooled,"type 2 diabetes mellitus, T2DM, nondiabetic","metformin, statins",,,,,,,,,,,,,,"type 2 diabetes mellitus, nondiabetic, metformin users, nonusers",,,metformin
MSV000080849.txt,Homo sapiens,,,,,cells,,,,"NPC_Ctrl, NPC_ATP6",m.9185T>C,,"Q-Exactive Plus Orbitrap mass spectrometer (Thermo Scientific, Waltham, MA)",data-dependent MS/MS,nanoelectrospray,,,normalized collision energy of 25 eV,,,label-free,trypsin,CAA,"DTT, TCEP",,"Cysteine carbamidomethylation, N-terminal acetylation, methionine oxidation",,,,"nanoflow reverse phase liquid chromatography (Dionex Ultimate 3000, Thermo Scientific, Waltham, MA), PicoFrit analytical column (75 μm ID × 40 cm long, 15 μm Tip ID (New Objectives, Woburn, MA)) in-house packed with 2.1-μm C18 resin (Reprosil-AQ Pur, Dr. Maisch, Ammerbuch-Entringen, Germany)",strong cation exchange (SCX) chromatography,"2, 3, 4, 5, buffer X",,,,266 nl/min,180 min,two,,,,,,deleterious homoplasmic mutation in the mitochondrial gene MT-ATP6 (m.9185T>C),,,"NI H1, HI H9, NI TFBJ, NI TFC1, NI A1, NI A2, NI A3",,,,,,,,,,,,"NPC_Ctrl, NPC_ATP6",,,
MSV000080851.txt,Homo sapiens,,,,,"cells, cell line",,,,,"His10-SUMO-2, His10-S2, His10-SUMO-2-K0-Q87R-IRES-GFP, His10-S2-K0-Q87R","Hydroxyurea, 2 mm Hydroxyurea, 2 h hydroxyurea treatment, 24 h hydroxyurea treatment","Q-Exactive Orbitrap, Q-Exactive Plus Orbitrap",data-dependent acquisition,nano-electrospray ion source,"higher-collisional dissociation, HCD",,normalized collision energy (NCE) of 25%,"20 ppm, 6 ppm",20 ppm,"Label-free quantification, MaxLFQ","Lys-C, Trypsin","Iodoacetamide, IAA","Tris-(2-carboxyethyl)-phosphine hydrochloride, TCEP",,"SUMOylation, Carbamidomethylation of cysteine residues, Oxidation of methionine, phosphorylation, acetylation of protein N termini, Pyro-QQTGG, QQTGG",,,,"EASY-nLC 1000 system, 13 cm analytical column with an inner-diameter of 75 μm, in-house packed with 1.8 μm C18 beads, 15 cm analytical columns with an inner-diameter of 75 μm, in-house packed with 1.9 μm C18 beads",,,,"Ni-NTA purification, nickel-nitrilotriacetic acid-agarose beads (Ni-NTA)","His10-SUMO-2, His10-S2, His10-SUMO-2-K0-Q87R, His10-S2-K0-Q87R",200 nL/minute,120 min,two,"technical triplicate, technical duplicate","5, 4","60 runs, 24 RAW files",,,,2 mm Hydroxyurea,U2OS,,,,"2 h of hydroxyurea treatment, 24 h of hydroxyurea treatment",,,,,,,,,"2 h, 24 h, 2 mm Hydroxyurea","2 h, 24 h",,Hydroxyurea 2 mm
MSV000080854.txt,Homo sapiens,,,,,cells,,,,,,"DHT, EST, ethanol","Q Exactive Plus hybrid quadrupole-Orbitrap mass spectrometer (Thermo Fisher Scientific, San Jose, CA)",data-dependent mode,nano-ESI source,,,normalized collision energy (NCE) of 27,4.5 ppm,20 ppm,stable isotope labeling with amino acids (SILAC),sequencing grade modified trypsin,iodoacetamide,dithiothreitol,,"carbamidomethylation of cysteines, oxidation of methionine and proline residues, N-terminal acetylation",labeled HK-2 cells,,,"EASY-nLC1000 system, 3.3 cm C18 pre-analytical column (IntegraFrit capillary, New Objective; inner diameter of 150 μm; 5 μm bead size; Agilent Pursuit C18, Agilent Technologies, Santa Clara, CA), resolving analytical column with dimensions 15 cm × 75 μm ID (PicoTip emitter, 8 μm tip, New Objective Agilent Pursuit C18, 3 μm bead size)","strong cationic exchange (SCX), SCX chromatography and fractionation",,10 fractions,,,,"60 min two-step gradient, 60 min gradient",two,,"4, 3","4, 3, 4",,,,,HK-2 cells,human proximal tubular epithelial cells (PTEC),,,8h,,,,,,,,,"DHT, EST, ethanol, 8h",8h,37 °C,"DHT 100 nm, EST 100 nm, ethanol"
MSV000080856.txt,"Homo sapiens, Rickettsia conorii",Malish 7,,,umbilical vein endothelial cells,cells,,,,,,"R. conorii infection, LPS","Q Exactive Orbitrap mass spectrometer (Thermo Scientific, San Jose, CA), TSQ Vantage triple quadrupole mass spectrometer (Thermo Scientific, San Jose, CA)","data-dependent acquisition mode, SRM",nanospray source,collision-activated dissociation,,optimized collision energy,±20 ppm,±20 ppm,"trypsin-catalyzed 18O labeling, 16O/18O labeling",trypsin,iodoacetamide,"DTT, dithiothreitol",,"biotinylated cross-linking, oxidized methionine",SIS peptides,chemically synthesized incorporating isotopically labeled [13C615N4]arginine or [13C615N2]lysine,Colloidal Blue,"reversed phase nano-HPLC C18 column (75 μm × 150 cm), C18 reverse-phase nano-HPLC column (PicoFritTM, 75 μm × 10 cm; tip inner diameter of 15 μm)","SDS-PAGE, sucrose interface",,,"biotinylated cross-linking enrichment protocol, streptavidin magnetic beads",,"300 nl/min, 500 nl/min","120 min, 15-min",maximum of two missed cleavages,,2,,,pooled,Mediterranean spotted fever,,,primary human umbilical vein endothelial cells (HUVECs),"whole cell lysates, plasma membrane, Golgi, soluble Golgi fractions",,10 days later,,,,,,,,,"R. conorii infection, LPS","10 days, overnight",,"LPS 50 ng/ml, R. conorii (Malish 7 strain)"
MSV000080857.txt,Homo sapiens,,,,serum,biofluid,,,,,,chronic heart failure,Q Exactive mass spectrometer (Thermo Scientific),"data-dependent acquisition, DDA",,,,,,,,trypsin,iodacetamide,DTT,,,,,,"reversed phase chromatography, Ultimate 3000 RSLC, 15 cm analytical column packed with 2 μm C18 particles (Acclaim PepMap RSLC, Thermo Scientific)","online strong cation exchange (SCX) fractionation, 2D salt steps on a nano column (Poros 10S, 300 μm × 10 cm, nanoViper, SCX, 10 μm)",,7 fractions,sequential ultracentrifugation,,300 nL/min,30 min,,,10,"5, 5",,,"chronic heart failure, CHF",,,Human aortic endothelial cells,,,"0, 5, 10, 15, 30, or 60 min",,,,,,,,,"HDLhealthy, HDLCHF",,,
MSV000080858.txt,Homo sapiens,,,,,cells,,,,,,"normoxic (20 %), hypoxic (1 %)","QExactive Plus mass spectrometer (Thermo Scientific, Waltham, USA)",,nanospray ionization,HCD,,,,,label-free quantitation,Trypsin,chloroacetamide,tris(2-carboxyethyl)phosphine,,"carbamidomethyl (C), oxidation (M)",,,"Coomassie blue, SimplyBlue SafeStain","UPLC-nanoESI MS/MS, C18 reversed phase column (Dionex Acclaim PepMap RSLC C18, 2 μm, 100 Å, 100 μm × 2 cm), C18 reversed phase column (Dionex Acclaim PepMap RSLC C18, 2 μm, 75 Å, 75 μm × 50 cm)","spin filters, reducing sodium dodecyl sulfate polyacrylamide gel electrophoresis (SDS-PAGE; (Biorad Any kD Mini-PROTEAN® TGX))","secretome, peptidome, proteome",,,,300 nL/min,"5-min ramp gradient, 70-min ramp gradient, 30 min",,duplicate,3,,"ASC12, ASC21, ASC23",,,,,Adipose-derived stem cells (ASCs),cellular fraction,,24 h in serum- and albumin-free supplements in either normoxic (20 %) or hypoxic (1 %) atmospheres,,,,,,,,,"normoxic, hypoxic, 20 %, 1 %",24 h,37 °C,
MSV000080859.txt,human,,,,,cell line,,,,"DQ2.5, DQ2.2, DQ7.5",Epstein–Barr virus (EBV)-transformed,,"quadrupole-Orbitrap (QExactive) mass spectrometer (ThermoElectron, Bremen, Germany)",data-dependent acquisition mode,nanoelectrospray ion source (Proxeon/Thermo),,Orbitrap,"25 %, 30 %","20 ppm, 6 ppm",20 ppm,,,iodoacetamide,,,"Pyro-glu (N-term Q and N-term E), deamidation (NQ), oxidation (M)",,biotin-EPRAPWIEQEGPEYW,,"Dionex Ultimate 3000 nano-LC system, Acclaim PepMap100 RSLC column (C18, 2 μm beads, 100 Å, 75 μm inner diameter)",,,,immunoprecipitated,DQ molecules,0.3 μmul/min,45 min,,,,nine,,,Celiac disease,,"CD114, 9087 STEINLIN, 9088 PF04015, 9047 PLH, 9050 MOU, 9051 PITOUT, 9037 SWEIG, 9064 AMALA, 9089 BOB","B-lymphoblastoid cell lines, B-cell lines",,,,,,,,,,,,"DQ2.5, DQ2.2, DQ7.5",,,
MSV000080860.txt,Homo sapiens,,,,,cells,,,,,"Ad.p130Cas, Ad.p130Cas15F",VEGF,"Q-Exactive mass spectrometer (Thermo Fisher Scientific, Loughborough, UK)","automatic data-dependent switching mode, AP-MS",positive ion mode,,,,"20 ppm, 4.5 ppm",,label-free quantification,trypsin,iodoacetamide,DTT,,"Carbamidomethyl (C), Oxidation (M), Acetyl (Protein N-term)",,,,"Dionex Ultimate 3000 (RSLCnano) chromatography system, homemade column (100 mm length, 75 μm inside diameter), packed with 1.9 μm ReprosilAQ C 18",,,,immunoprecipitation,"p130Cas, p130Cas mutant with 15 tyrosine residues mutated to phenylalanine, p130Cas15F",250 nL/min,40 min,2,technical duplicates,3,,1–3,,,,,HUVECs,,,"0 min VEGF treatment, 10 min VEGF treatment, 30 min VEGF treatment, 60 min VEGF treatment",,,,,,,,,"VEGF, 0, 10, 30, 60 min, Ad.p130Cas, Ad.p130Cas15F","0, 10, 30, 60 min",,"VEGF, Ad.p130Cas, Ad.p130Cas15F"
MSV000080862.txt,Homo sapiens,,24 to 40 years,"female, male",saliva,biofluid,cotton swabs,Caucasian,,,,"eating, tooth brushing",Q Exactive HF mass spectrometer (Thermo Fisher Scientific),shotgun,,"higher-energy collisional dissociation, HCD",,,4.5 ppm,0.5 Da,"label-free quantification, MaxLFQ","trypsin, LysC","2-chloroacetamide, carbamidomethylation of cysteine",tris (2-carboxyethyl) phosphine,,"N-acetylation of proteins’ N-termini, oxidation of methionine",,,,"EASY-nLC 1000 ultra-high pressure system, in-house-made 40-cm column of the type described above",basic reversed phase chromatography,,,,,,"100-min gradients, 80-min gradient, 100-min chromatography gradient, 45-min HPLC gradients",two,did not perform technical replicates,8,16,,,healthy,,,,,,"immediately after waking, 10 a.m., at least 30 min after the donors had eaten breakfast and brushed their teeth",,,,,,,,,"immediately after waking, 10 a.m.","immediately after waking, 10 a.m.",,
MSV000080863.txt,Homo sapiens,,,,"colon mucosa, sigmoideum",tissue,biopsies,,,,,"directly frozen, RNAlater, formalin-fixation, paraffin-embedding, iFFPE, sFFPE","Q Exactive Plus mass spectrometer (Thermo Scientific, Waltham, USA)",,nanospray ionization,HCD,,normalized collision energy of 27,mass window of m/z 1.6,,label-free quantative analysis,trypsin,chloroacetamide,tris(2-carboxyethyl)phosphine,,"carbamidomethyl (C), protein N-terminal acetylation, deamidation (NQ), oxidation (M), peptide N-terminal formylation",,,,"UPLC-nanoESI MS/MS setup, UltiMate 3000 UHPLC system, RSLC nanopump module, 2 cm trapping reversed phase Acclaim PepMap RSLC C18 column, analytical 50 cm reversed phase Acclaim PepMap RSLC C18 column",,,,,,300 nL/min,180 min,,,,24,,,gastroenterologically healthy,,,,,,,,,,,,,,,"directly frozen, RNAlater, immediately stabilized in 4% formalin, stored for 30 min at ambient temperature before stabilization with 4% formalin",30 min,,"RNAlater, 4% formalin"
MSV000080864.txt,human,,,,,cell line,,,,,,,"Thermo Q-Exactive mass spectrometer, QTrap 5500","data-dependent MS/MS, MRM mode",,,,normalized collision energy was set to 28%,"20 ppm, 10 ppm",50 ppm,"stable isotope labeling of amino acids in cell culture, SILAC","Bovine TPCK-treated trypsin, Trypsin",iodoacetamide,DTT,,"Cysteine carbamidomethylation, oxidized methionine, Phosphorylation of S, T, and Y residues",,,,100 μm × 10 cm C18 column,high-pH reverse-phase fractionation,"HLB fraction #1, HLB fraction #5","eight fractions, four fractions, 16 phosphopeptide fractions","IMAC, TiO 2, immunoprecipitation",4E-T,"1.2 μL/min, 500 nL/min","90 min, 85 min, 60 min",Two,technical duplicate,3,,,pooled,colon cancer,,"SW480, SW620",,,,,,,"primary colon tumor origin, lymph node metastasis",,,,,,"SW480, SW620",,37°C,
MSV000080865.txt,Homo sapiens,,,,,"cells, cell line",,,,,,unstimulated,"Q Exactive, Q Exactive Plus, Q Exactive HF","data-dependent top-10 method, top-15 method","atmospheric pressure ion source, NanoFlex source","higher energy collisional dissociation, HCD",,"normalized collision energy was 25, normalized collision energy was 27",4.5 ppm,20 ppm,,"LysC, trypsin",iodoacetamide,DTT,,"carbamidomethylation of cysteine, N-terminal protein acetylation, oxidation (M), Phospho (STY)",,,,"Thermo Easy nLC ultra-high-pressure HPLC system, Analytical columns (50 cm long, 75-μm inner diameter) were packed in-house with ReproSil-Pur C 18 AQ 1.9-μm reversed phase resin",,,,TiO2 beads,,"450 nL/min, 250 nL/min",90 min,two,,,,,pooled,,,"HeLa cells (ATCC, S3 subclone)",,,,,,,,,,,,,,,,
MSV000080866.txt,Homo sapiens,,,,,"cells, cell line",,,,,,"HAL-PDT, controls (no HAL, no light)",QExactive mass spectrometer (Thermo Scientific),"data dependent acquisition, DDA",nanospray ESI,HCD,,normalized collision energy 30,20 ppm,0.02 Da,,trypsin,"N-ethylmaleimide, NEM, biotin maleimide",DTT,,"Biotin:Sigma-B1267, N-terminal acetylation, oxidation (M), deamidation (NQ)",,,Coomassie blue staining,"Easy-nLC 1000 UHPLC system, Acclaim PepMap100 C-18 trap column (75 mm i.d. 2 cm, C18, 5 mm, 100 Å, Thermo Scientific), Acclaim PepMap100 C-18 analytical column (75 mm i.d. 50 cm, C18, 3 mm, 100 Å, Thermo Scientific)",electrophoresis on 4–12% bis–tris gels,,20 slices,"Selective biotinylation of reversibly oxidized thiol proteins, Aǿinity enrichment of biotinylated proteins, NeutrAvidin resin",,250 nl min 1,80 min gradient,maximum two mis-cleavages,,3,121 LC-MS/MS runs,,pooled,epidermoid carcinoma,hexylaminolevulinate-mediated photodynamic treatment (HAL-PDT),A431 (ATCC CRL-1555),epidermoid carcinoma cells,,,,,,,,,,,,"no HAL, no light, no HAL, maximal light intensity, 20 mM HAL, kept in the dark, HAL-PDT",3 hours,371C,"Hexylaminolevulinate 20 mM, HAL 20 mM"
MSV000080867.txt,"Homo sapiens, Mus musculus",,,,"trachea, small airway bronchiolar cells, bronchioles, lung","cells, cell line, biofluid, tissue","Conditioned Medium, supernatant, exosomes, whole-cell protein preparation",,,,"telomerase- immortalized, transducing primary cells with human telomerase and cyclin- dependent kinase (CDK)-4 retrovirus constructs","pRSV, RSV-infected, mock-infected, UV-inactivated RSV","Q Exactive mass spectrometer (Thermo Fisher Scientific), TSQ Vantage triple quadrupole mass spectrometer (Thermo Scientific)","data-dependent Top15 method, SRM","nanoelectrospray ion source, nanospray source","HCD, collision-activated dissociation",,normalized collision energy of 27,10 ppm,0.5 Da,label-free quantification (LFQ),"LysC-tr, trypsin",iodoacetamide,"dithiothreitol, DTT",,"Carbamidomethylcysteine, N-terminal acetylation, methionine oxidation",stable isotope-labeled standard (SIS) peptides,chemically synthesized incorporating isotopically labeled [ 13 C 6 15 N 4 ] arginine or [ 13 C 6 15 N 2 ] lysine,,"nanoflow UHPLC instrument (Easy nLC, Thermo Fisher Scientific), C18 reversed-phase column (25 cm long, 75 μm inner diameter), Eksigent NanoLC-2D HPLC system (AB SCIEX, Dublin, CA), C18 reversed-phase nano-HPLC column (PicoFrit TM , 75 μm x 10 cm; tip ID 15 μm)",,,,chloroform/methanol precipitation,,"300 nL/min, 500 nL/min","240 min, 20-min, 15-min",two,,"3, 4",,,,Lower respiratory tract infections (LRTIs) from Respiratory Syncytial Virus (RSV),,"tert-hBECs, tert-hSAECs","primary human cultures from trachea (phBECs), primary human cultures from bronchioles (phSAECs)","secretome, exosomes, lysosomal and vacuolar compartments, whole-cell protein",,"24h post-infection, 24 h after RSV infection",,,"trachea, small airway bronchiolar cells",,,,,,"hBECs, hSAECs, mock-infected, RSV-infected, phBECs, phSAECs",24h,37 °C,pRSV (MOI 1.0)
MSV000080873.txt,Homo sapiens,,,,,"cells, cell line",,,,thymidine kinase deficient (TK−),ρ0,mtDNA depletion,"Q-Exactive Plus Orbitrap mass spectrometer (Thermo Scientific, Waltham, MA)",data-dependent MS/MS,nanoelectrospray,,,normalized collision energy of 25 eV,4.5 ppm,20 ppm,SILAC,"Lys-C, trypsin",chloroacetamide,DTT,"mtDNA depletion, ρ 0 cells","phosphorylation, ubiquitination, Cysteine carbamidomethylation, N-terminal acetylation, methionine oxidation, diGly modification of lysine",,,,"nanoflow reverse phase liquid chromatography, PicoFrit analytical column (75 μm ID × 25 cm long, 15 μm Tip ID (New Objectives, Woburn, MA) in-house packed with 3-μm C18 resin (Reprosil-AQ Pur, Dr. Maisch, Ammerbuch-Entringen, Germany)","strong anion exchange chromatography, SAX, strong cation exchange (SCX) chromatography","pH levels 11, 8, 6, 5, 4, and 3",six pH fractions,"immunoprecipitation of ubiquitinated peptides using the PTMScan Ubiquitin Remnant Motif Kit, TiO2 (GL Sciences, Torrance, CA) enrichment of phosphorylated peptides",,266 nL/min,210 min,"two, three",,4,,,,respiratory chain disease (RCD),,"143B.TK− (ATCC-CRL-8303), ρ0 cells",osteosarcoma,,grown to confluency,,,,,,,,,,"wild-type, ρ0",,37 °C,
MSV000080874.txt,Homo sapiens,,,,"urine, cerebrospinal fluid","cells, cell line, biofluid",,,,,,,"TripleToF 5600+ mass spectrometer (both Sciex, Framingham, MA), Q Exactive mass spectrometer (Thermo Fisher Scientific, Waltham, MA)","data-dependent mode, data-dependent TOP10 mode",,,,NCE 27,"0.07 Da, 0.006 Da, 20 ppm, 4.5 ppm",,label-free quantification,trypsin,iodoacetamide,"dithiothreitol, DTT",,"oxidation (M), deamidation (NQ), phospho (STY), carbamidomethyl (C)",,,,"microfluidic chip system (EK425), trap column (ReproSil-Pur C18-AQ, 200 μm × 0.5 mm, 3 μm), ReproSil-Pur C18-AQ analytical column chip (75 μm × 15 cm, 3 μm), trapping column: 200 μm × 0.5 mm ReproSil-Pur C18-AQ 3 μm, analytical column: 75 μm × 15 cm ReproSil-Pur C18-AQ 3 μm",,,,,,300 nl/min,"60 min, 75 min",two,,,89,,,"cervical cancer, ovarian cyst",,HeLa,,,,,,,,,,,,,"whole-cell lysate, urine, cerebrospinal fluid",,,
MSV000080878.txt,Homo sapiens,,,,,cells,,,,,"mSnw1-LAP, mPrpf8-LAP",,,,,,,,,,,,,,"SNW1 depletion, PRPF8 depletion",,,,,,,,,crosslinked anti-GFP antibody beads,GFP-flag-sororin,,,,,,,,,,,"HeLa, HeLa mSnw1-LAP, HeLa CENP-A-EGFP, HeLa mSmc3-LAP, HeLa GFP-flag-sororin, HeLa APC2-RFP, HeLa mPrpf8-LAP",,,,,,,,,,,,,"SNW1, PRPF8",48 h,,siRNA 20 nM
MSV000080880.txt,Homo sapiens,,median age: 32 years old,,breast milk,biofluid,,,,,,"drank a cup of milk daily, strict diary-free diet",Q Exactive Plus hybrid quadrupole-Orbitrap mass spectrometer (Thermo Fisher Scientific),data-dependent mode,nanospray source,high-energy collision dissociation,,normalized collision energy value of 27,10 ppm,20 ppm,,,,,,"Oxidation of methionine, phosphorylation of serine and threonine",,,,"Waters Nano Acquity UHPLC, 75 micron × 150 mm Magic C18 200Å 3U reverse phase column",,,,solid-phase extracted using Sep-pak C18 pre-packed columns,,300 nL/min,"60 min gradient, 50 min, 3 min, 1 min, 1 min, 5 minutes",,,12,"12, 6, 6",,,non-atopic healthy,,,,,,"2–4 weeks after parturition, 2 hours after a regular milk load (200 mL)",,,,,,,,,"drank a cup of milk daily, strict diary-free diet",2 hours,,pasteurized bovine milk 200 mL
MSV000081649.txt,Human,,,,"hepatoma, colorectal cancer, bladder cancer, kidney tissues",tissue,,,,,,ProteoMiner,Q Exactive HF hybrid quadrupole-Orbitrap mass spectrometer,"DDA, PRM",,HCD,,NCE 26,20 ppm,0.05 Da,,trypsin,iodoacetamide,dithiothreitol,ProteoMiner,"Carbamidomethylation (C), Oxidation (M), Deamidatioin (N, Q)",,chemically synthetic peptides,,"300 μm × 5 mm C18 TRAP column (μ-Precolumn, Thermo Scientific, Waltham, MA), 75 μm × 25 cm in-house packed analytical column containing 3 μm Ultimate LP-C18 particles (120 Å) from Welch (Shanghai, China)","Gemini high-pH RP column (5 μm, 110 Å, 250 × 4.6 mm2, Phenomenex, Torrance, CA), concatenation mode",,"60 fractions, 20 fractions","ProteoMiner, ProteoMiner Protein Enrichment Kits",,"1 mL/min, 5 μL/min, 300 nL/min","60 min, 115 min, 60 min gradient",two,twice,,four human tissues,,,"hepatoma, colorectal cancer, bladder cancer",,,,"membrane, nucleus",,,,,,,,,,,"human hepatoma, adjacent tissues, colorectal cancer, human bladder cancer, human kidney tissues",,,